congress,chamber,state,party,last_name,first_name,middle_name,born,female,ngirls,nboys,nchildren,aauw_voting,year
98,House,NY,D,Ackerman,Gary,Leonard,1942,0,1,2,3,100,1983
98,House,NY,D,Addabbo,Joseph,Patrick,1925,0,2,0,2,100,1983
98,House,HI,D,Akaka,Daniel,Kahikina,1924,0,1,4,5,100,1983
98,House,MI,D,Albosta,Donald,Joseph,1925,0,1,1,2,82,1983
98,House,AR,D,Alexander,William,Vollie,1934,0,1,1,2,67,1983
98,House,CA,D,Anderson,Glenn,Malcolm,1913,0,0,2,2,91,1983
98,House,TX,D,Andrews,Michael,Allen,1944,0,0,0,0,70,1983
98,House,NC,D,Andrews,Ike,Franklin,1925,0,2,0,2,100,1983
98,House,IL,D,Annunzio,Frank,NA,1915,0,3,0,3,73,1983
98,House,AR,D,Anthony,Beryl,Franklin,1938,0,0,1,1,90,1983
98,House,OH,D,Applegate,Douglas,Earl,1928,0,1,1,2,90,1983
98,House,TX,R,Archer,William,Reynolds,1928,0,3,2,5,10,1983
98,House,WI,D,Aspin,Leslie,NA,1938,0,0,0,0,91,1983
98,House,OR,D,Aucoin,Les,NA,1942,0,2,0,2,82,1983
98,House,CA,R,Badham,Robert,Edward,1929,0,3,2,5,10,1983
98,House,GA,D,Barnard,Druie,Douglas,1922,0,0,0,0,40,1983
98,House,MD,D,Barnes,Michael,Darr,1943,0,2,0,2,100,1983
98,House,TX,R,Bartlett,Harry,Stephen,1947,0,1,2,3,18,1983
98,House,VA,R,Bateman,Herbert,Harvell,1928,0,1,1,2,36,1983
98,House,CA,D,Bates,Jim,NA,1941,0,1,0,1,91,1983
98,House,IA,D,Bedell,Berkley,Warren,1921,0,1,2,3,70,1983
98,House,CA,D,Beilenson,Anthony,Charles,1932,0,1,2,3,91,1983
98,House,FL,D,Bennett,Charles,Edward,1910,0,1,2,3,45,1983
98,House,NE,R,Bereuter,Douglas,Kent,1939,0,0,2,2,50,1983
98,House,CA,D,Berman,Howard,Lawrence,1941,0,2,0,2,100,1983
98,House,AR,R,Bethune,Edwin,Ruthvin,1935,0,1,1,2,36,1983
98,House,AL,D,Bevill,Tom,NA,1921,0,0,1,1,64,1983
98,House,NY,D,Biaggi,Mario,NA,1917,0,2,2,4,100,1983
98,House,FL,R,Bilirakis,Michael,NA,1930,0,0,2,2,18,1983
98,House,VA,R,Bliley,Thomas,Jerome,1932,0,1,1,2,36,1983
98,House,NY,R,Boehlert,Sherwood,Louis,1936,0,2,0,2,73,1983
98,House,LA,D,Boggs,Corinne,Claiborne,1916,1,2,1,3,73,1983
98,House,MA,D,Boland,Edward,Patrick,1911,0,2,2,4,90,1983
98,House,TN,D,Boner,William,Hill,1945,0,0,0,0,82,1983
98,House,MI,D,Bonior,David,Edward,1945,0,1,2,3,91,1983
98,House,WA,D,Bonker,Don,Leroy,1937,0,0,3,3,100,1983
98,House,PA,D,Borski,Robert,Anthony,1948,0,4,1,5,91,1983
98,House,CA,D,Bosco,Douglas,Harry,1946,0,1,1,2,100,1983
98,House,VA,D,Boucher,Frederick,C.,1946,0,0,0,0,100,1983
98,House,CA,D,Boxer,Barbara,NA,1940,1,1,1,2,100,1983
98,House,LA,D,Breaux,John,Berlinger,1944,0,2,2,4,45,1983
98,House,NC,D,Britt,Charles,Robin,1942,0,1,2,3,91,1983
98,House,TX,D,Brooks,Jack,Bascom,1922,0,2,1,3,91,1983
98,House,MI,R,Broomfield,William,S.,1922,0,2,0,2,27,1983
98,House,CA,D,Brown,George,Edward,1920,0,1,1,2,100,1983
98,House,CO,R,Brown,George,Hanks,1940,0,2,1,3,55,1983
98,House,NC,R,Broyhill,James,Thomas,1927,0,1,2,3,36,1983
98,House,TX,D,Bryant,John,Wiley,1947,0,NA,NA,NA,100,1983
98,House,CA,D,Burton,Sala,Galante,1925,1,1,0,1,100,1983
98,House,IN,R,Burton,Danny,Lee,1938,0,2,1,3,27,1983
98,House,CA,D,Burton,Phillip,NA,1926,0,1,0,1,100,1983
98,House,MD,D,Byron,Beverly,Barton Butcher,1932,1,1,2,3,40,1983
98,House,SC,R,Campbell,Carroll,Ashmore,1940,0,0,2,2,27,1983
98,House,NY,R,Carney,William,NA,1942,0,1,0,1,18,1983
98,House,DE,D,Carper,Thomas,Richard,1947,0,0,2,2,82,1983
98,House,MI,D,Carr,Milton,Robert,1943,0,1,0,1,100,1983
98,House,WA,R,Chandler,Rodney,Dennis,1942,0,NA,NA,NA,55,1983
98,House,FL,D,Chappell,William,Venroe,1922,0,2,2,4,36,1983
98,House,CA,R,Chappie,Eugene,A.,1920,0,3,2,5,30,1983
98,House,WY,R,Cheney,Richard,Bruce,1941,0,2,0,2,10,1983
98,House,NC,D,Clarke,James,McClure,1917,0,0,1,1,100,1983
98,House,MO,D,Clay,William,Lacy,1931,0,2,1,3,100,1983
98,House,PA,R,Clinger,William,Floyd,1929,0,2,2,4,55,1983
98,House,IN,R,Coats,Daniel,Ray,1943,0,0,0,0,36,1983
98,House,CA,D,Coelho,Tony,NA,1942,0,0,0,0,100,1983
98,House,TX,D,Coleman,Ronald,D'Emory,1941,0,0,0,0,91,1983
98,House,MO,R,Coleman,Earl,Thomas,1943,0,2,1,3,45,1983
98,House,IL,D,Collins,Cardiss,NA,1931,1,0,1,1,100,1983
98,House,NY,R,Conable,Barber,Benjamin,1922,0,3,1,4,50,1983
98,House,MA,R,Conte,Silvio,Ottavio,1921,0,2,2,4,82,1983
98,House,MI,D,Conyers,John,NA,1929,0,0,2,2,90,1983
98,House,TN,D,Cooper,James,Hayes Shofner,1954,0,1,2,3,50,1983
98,House,IL,R,Corcoran,Thomas,Joseph,1939,0,0,0,0,27,1983
98,House,PA,R,Coughlin,Robert,Lawrence,1929,0,4,1,5,64,1983
98,House,NJ,R,Courter,James,Andrew,1941,0,0,0,0,36,1983
98,House,PA,D,Coyne,William,Joseph,1936,0,0,0,0,91,1983
98,House,ID,R,Craig,Larry,Edwin,1945,0,0,0,0,18,1983
98,House,IL,R,Crane,Daniel,Bever,1936,0,3,3,6,18,1983
98,House,IL,R,Crane,Philip,Miller,1930,0,5,1,6,9,1983
98,House,MI,D,Crockett,George,William,1909,0,1,2,3,100,1983
98,House,NH,D,D'Amours,Norman,Edward,1937,0,2,1,3,91,1983
98,House,VA,D,Daniel,Wilbur,Clarence,1914,0,0,1,1,40,1983
98,House,CA,R,Dannemeyer,William,Edwin,1929,0,2,1,3,9,1983
98,House,GA,D,Darden,George,NA,1943,0,0,0,0,100,1983
98,House,SD,D,Daschle,Thomas,Andrew,1947,0,2,1,3,78,1983
98,House,NE,R,Daub,Harold,John,1941,0,1,2,3,45,1983
98,House,MI,R,Davis,Robert,William,1932,0,3,2,5,40,1983
98,House,TX,D,De La Garza,Eligio,NA,1927,0,1,2,3,70,1983
98,House,CA,D,Dellums,Ronald,V.,1935,0,2,2,4,100,1983
98,House,SC,D,Derrick,Butler,Carson,1936,0,2,2,4,100,1983
98,House,OH,R,Dewine,Michael,NA,1947,0,5,3,8,18,1983
98,House,AL,R,Dickinson,William,Louis,1925,0,1,3,4,30,1983
98,House,WA,D,Dicks,Norman,DeValois,1940,0,0,2,2,91,1983
98,House,MI,D,Dingell,John,David,1926,0,2,2,4,100,1983
98,House,CA,D,Dixon,Julian,Carey,1934,0,0,1,1,100,1983
98,House,MA,D,Donnelly,Brian,Joseph,1946,0,NA,NA,NA,90,1983
98,House,ND,D,Dorgan,Byron,Leslie,1942,0,1,2,3,91,1983
98,House,MS,D,Dowdy,Charles,Wayne,1943,0,1,2,3,90,1983
98,House,NY,D,Downey,Thomas,Joseph,1949,0,0,0,0,91,1983
98,House,CA,R,Dreier,David,Timothy,1952,0,0,0,0,18,1983
98,House,TN,R,Duncan,John,James,1919,0,1,2,3,36,1983
98,House,IL,D,Durbin,Richard,Joseph,1944,0,2,1,3,91,1983
98,House,NJ,D,Dwyer,Bernard,James,1921,0,1,0,1,100,1983
98,House,CA,D,Dymally,Mervyn,Malcolm,1926,0,0,1,1,100,1983
98,House,MD,D,Dyson,Royden,Patrick,1948,0,0,0,0,64,1983
98,House,MA,D,Early,Joseph,Daniel,1933,0,4,4,8,90,1983
98,House,OH,D,Eckart,Dennis,Edward,1950,0,0,1,1,100,1983
98,House,PA,D,Edgar,Robert,William,1943,0,0,2,2,100,1983
98,House,CA,D,Edwards,William,Donlon,1915,0,0,4,4,100,1983
98,House,OK,R,Edwards,Marvin,Henry,1937,0,2,1,3,18,1983
98,House,AL,R,Edwards,William,Jackson,1928,0,1,1,2,30,1983
98,House,MO,R,Emerson,Norvell,William,1938,0,4,0,4,36,1983
98,House,OK,D,English,Glenn,Lee,1940,0,0,2,2,55,1983
98,House,AL,D,Erdreich,Ben,NA,1938,0,1,1,2,64,1983
98,House,IL,R,Erlenborn,John,Neal,1927,0,1,2,3,10,1983
98,House,IL,D,Evans,Lane,Allen,1951,0,0,0,0,100,1983
98,House,IA,R,Evans,Thomas,Cooper,1924,0,0,1,1,73,1983
98,House,FL,D,Fascell,Dante,Bruno,1917,0,2,1,3,100,1983
98,House,CA,D,Fazio,Victor,Herbert,1942,0,3,1,4,91,1983
98,House,OH,D,Feighan,Edward,Farrell,1947,0,2,2,4,100,1983
98,House,NY,D,Ferraro,Geraldine,Anne,1935,1,2,1,3,100,1983
98,House,CA,R,Fiedler,Bobbi,NA,1937,1,1,1,2,50,1983
98,House,TX,R,Fields,Jack,Milton,1952,0,2,0,2,18,1983
98,House,NY,R,Fish,Hamilton,NA,1926,0,1,2,3,45,1983
98,House,AL,D,Flippo,Ronnie,Gene,1937,0,2,4,6,64,1983
98,House,NJ,D,Florio,James,Joseph,1937,0,0,0,0,100,1983
98,House,PA,D,Foglietta,Thomas,Michael,1928,0,0,0,0,100,1983
98,House,WA,D,Foley,Thomas,Stephen,1929,0,0,0,0,91,1983
98,House,MI,D,Ford,William,David,1927,0,1,2,3,100,1983
98,House,TN,D,Ford,Harold,Eugene,1945,0,1,1,2,100,1983
98,House,NJ,R,Forsythe,Edwin,Bell,1916,0,1,0,1,44,1983
98,House,GA,D,Fowler,Wyche,NA,1940,0,1,1,2,100,1983
98,House,MA,D,Frank,Barney,NA,1940,0,0,0,0,100,1983
98,House,MS,R,Franklin,William,Webster,1941,0,NA,NA,NA,27,1983
98,House,MN,R,Frenzel,William,Eldridge,1928,0,3,0,3,36,1983
98,House,TX,D,Frost,Jonas,Martin,1942,0,0,0,0,91,1983
98,House,FL,D,Fuqua,Don,NA,1933,0,0,0,0,55,1983
98,House,NY,D,Garcia,Robert,NA,1933,0,1,2,3,91,1983
98,House,PA,D,Gaydos,Joseph,Matthew,1926,0,0,1,1,56,1983
98,House,CT,D,Gejdenson,Samuel,NA,1948,0,1,1,2,100,1983
98,House,PA,R,Gekas,George,William,1930,0,0,0,0,45,1983
98,House,MO,D,Gephardt,Richard,Andrew,1941,0,2,1,3,91,1983
98,House,FL,D,Gibbons,Sam,Melville,1920,0,0,3,3,73,1983
98,House,NY,R,Gilman,Benjamin,Arthur,1922,0,2,3,5,64,1983
98,House,GA,R,Gingrich,Newton,Leroy,1943,0,2,0,2,30,1983
98,House,KS,D,Glickman,Daniel,Robert,1944,0,1,1,2,91,1983
98,House,TX,D,Gonzalez,Henry,B.,1916,0,4,4,8,91,1983
98,House,PA,R,Goodling,William,Franklin,1927,0,1,1,2,64,1983
98,House,TN,D,Gore,Albert,Arnold,1948,0,3,1,4,80,1983
98,House,OH,R,Gradison,Willis,David,1928,0,5,0,5,45,1983
98,House,TX,R,Gramm,William,Philip,1942,0,0,2,2,20,1983
98,House,PA,D,Gray,William,Herbert,1941,0,0,3,3,100,1983
98,House,NY,R,Green,Sedgwick,William,1929,0,1,2,3,82,1983
98,House,NH,R,Gregg,Judd,Alan,1947,0,2,1,3,36,1983
98,House,NJ,D,Guarini,Frank,Joseph,1924,0,0,0,0,100,1983
98,House,WI,R,Gunderson,Steven,Craig,1951,0,0,0,0,45,1983
98,House,IN,D,Hall,Katie,Beatrice,1938,1,2,0,2,100,1983
98,House,TX,D,Hall,Sam,Blakeley,1924,0,3,0,3,36,1983
98,House,TX,D,Hall,Ralph,Moody,1923,0,0,3,3,45,1983
98,House,OH,D,Hall,Tony,Patrick,1942,0,1,0,1,91,1983
98,House,IN,D,Hamilton,Lee,Herbert,1931,0,2,1,3,82,1983
98,House,AR,R,Hammerschmidt,John,Paul,1922,0,0,1,1,36,1983
98,House,TX,D,Hance,Kent,Ronald,1942,0,1,1,2,43,1983
98,House,UT,R,Hansen,James,Vear,1932,0,2,3,5,11,1983
98,House,ID,R,Hansen,George,Vernon,1930,0,2,3,5,0,1983
98,House,IA,D,Harkin,Thomas,Richard,1939,0,2,0,2,100,1983
98,House,PA,D,Harrison,Frank,Girard,1940,0,0,0,0,91,1983
98,House,SC,R,Hartnett,Thomas,Forbes,1941,0,NA,NA,NA,18,1983
98,House,GA,D,Hatcher,Charles,Floyd,1939,0,1,1,2,70,1983
98,House,CA,D,Hawkins,Augustus,Freeman,1907,0,2,1,3,100,1983
98,House,IL,D,Hayes,Charles,Arthur,1918,0,2,0,2,100,1983
98,House,NC,D,Hefner,Willie,Gathrel,1930,0,2,0,2,70,1983
98,House,HI,D,Heftel,Cecil,Landau,1924,0,4,3,7,75,1983
98,House,MI,D,Hertel,Dennis,Mark,1948,0,0,0,0,90,1983
98,House,TX,D,Hightower,Jack,English,1926,0,3,0,3,45,1983
98,House,IN,R,Hiler,John,Patrick,1953,0,NA,NA,NA,27,1983
98,House,IN,R,Hillis,Elwood,Haynes,1926,0,0,3,3,40,1983
98,House,MD,R,Holt,Marjorie,Sewell,1920,1,2,1,3,30,1983
98,House,KY,R,Hopkins,Larry,Jones,1933,0,0,1,1,36,1983
98,House,NY,R,Horton,Frank,Jefferson,1919,0,0,4,4,50,1983
98,House,NJ,D,Howard,James,John,1927,0,3,0,3,100,1983
98,House,MD,D,Hoyer,Steny,Hamilton,1939,0,3,0,3,91,1983
98,House,KY,D,Hubbard,Carroll,NA,1937,0,0,1,1,64,1983
98,House,LA,D,Huckaby,Thomas,Jerald,1941,0,1,0,1,73,1983
98,House,NJ,D,Hughes,William,John,1932,0,3,1,4,91,1983
98,House,CA,R,Hunter,Duncan,Lee,1948,0,0,2,2,20,1983
98,House,FL,D,Hutto,Earl,Dewitt,1926,0,2,0,2,45,1983
98,House,IL,R,Hyde,Henry,John,1924,0,1,3,4,27,1983
98,House,FL,D,Ireland,Andrew,Poysell,1930,0,3,4,7,36,1983
98,House,IN,D,Jacobs,Andrew,NA,1932,0,0,2,2,91,1983
98,House,VT,R,Jeffords,James,Merrill,1934,0,1,1,2,80,1983
98,House,GA,D,Jenkins,Edgar,Lanier,1933,0,2,0,2,70,1983
98,House,CT,R,Johnson,Nancy,Lee,1935,1,3,0,3,73,1983
98,House,NC,D,Jones,Walter,Beaman,1913,0,1,0,1,64,1983
98,House,OK,D,Jones,James,Robert,1939,0,0,2,2,73,1983
98,House,TN,D,Jones,Ed,NA,1912,0,1,0,1,67,1983
98,House,OH,D,Kaptur,Marcia,Carolyn,1946,1,0,0,0,91,1983
98,House,OH,R,Kasich,John,Richard,1952,0,2,0,2,27,1983
98,House,WI,D,Kastenmeier,Robert,William,1924,0,0,3,3,100,1983
98,House,TX,D,Kazen,Abraham,NA,1919,0,4,1,5,36,1983
98,House,NY,R,Kemp,Jack,French,1935,0,1,3,4,27,1983
98,House,CT,D,Kennelly,Barbara,Bailey,1936,1,3,1,4,100,1983
98,House,MI,D,Kildee,Dale,Edward,1929,0,1,2,3,91,1983
98,House,OH,R,Kindness,Thomas,Norman,1929,0,1,3,4,20,1983
98,House,WI,D,Kleczka,Gerald,Daniel,1943,0,0,0,0,NA,1983
98,House,CO,D,Kogovsek,Raymond,Peter,1941,0,2,0,2,100,1983
98,House,PA,D,Kolter,Joseph,Paul,1926,0,1,3,4,91,1983
98,House,PA,D,Kostmayer,Peter,Houston,1946,0,0,0,0,100,1983
98,House,CO,R,Kramer,Kenneth,Bentley,1942,0,0,0,0,27,1983
98,House,NY,D,Lafalce,John,Joseph,1939,0,0,1,1,82,1983
98,House,CA,R,Lagomarsino,Robert,John,1926,0,1,0,1,27,1983
98,House,CA,D,Lantos,Thomas,Peter,1928,0,2,0,2,100,1983
98,House,OH,R,Latta,Delbert,Leroy,1920,0,1,0,1,18,1983
98,House,IA,R,Leach,James,Albert Smith,1942,0,1,1,2,64,1983
98,House,TX,D,Leath,James,Marvin,1931,0,0,1,1,20,1983
98,House,CA,D,Lehman,Richard,Henry,1948,0,0,0,0,100,1983
98,House,FL,D,Lehman,William,NA,1913,0,1,2,3,100,1983
98,House,TX,D,Leland,George,Thomas,1944,0,0,2,2,100,1983
98,House,NY,R,Lent,Norman,Frederick,1931,0,1,3,4,40,1983
98,House,MI,D,Levin,Sander,Martin,1931,0,2,2,4,100,1983
98,House,CA,D,Levine,Meldon,Edises,1943,0,1,2,3,100,1983
98,House,GA,D,Levitas,Elliott,Harris,1930,0,0,0,0,64,1983
98,House,FL,R,Lewis,Thomas,F.,1924,0,1,2,3,45,1983
98,House,CA,R,Lewis,Charles,Jeremy,1934,0,2,5,7,0,1983
98,House,IL,D,Lipinski,William,Oliver,1937,0,1,1,2,55,1983
98,House,LA,R,Livingston,Robert,Linlithgow,1943,0,1,3,4,27,1983
98,House,TN,D,Lloyd,Marilyn,Laird,1929,1,2,1,3,55,1983
98,House,TX,R,Loeffler,Thomas,Gilbert,1946,0,1,2,3,18,1983
98,House,MD,D,Long,Clarence,Dickinson,1908,0,1,1,2,100,1983
98,House,LA,D,Long,Gillis,William,1923,0,1,1,2,90,1983
98,House,MS,R,Lott,Chester,Trent,1941,0,0,2,2,30,1983
98,House,CA,R,Lowery,William,David,1947,0,2,1,3,22,1983
98,House,WA,D,Lowry,Michael,Edward,1939,0,1,0,1,100,1983
98,House,NM,R,Lujan,Manuel,NA,1928,0,2,1,3,36,1983
98,House,OH,D,Luken,Thomas,Andrew,1925,0,5,3,8,82,1983
98,House,NY,D,Lundine,Stanley,Nelson,1939,0,0,2,2,91,1983
98,House,CA,R,Lungren,Daniel,Edward,1946,0,2,1,3,27,1983
98,House,FL,D,MacKay,Kenneth,Hood,1933,0,0,4,4,90,1983
98,House,FL,R,Mack,Connie,NA,1940,0,0,1,1,27,1983
98,House,IL,R,Madigan,Edward,Rell,1936,0,3,0,3,36,1983
98,House,MA,D,Markey,Edward,John,1946,0,0,0,0,91,1983
98,House,MT,R,Marlenee,Ronald,Charles,1935,0,2,3,5,20,1983
98,House,UT,R,Marriott,David,Daniel,1939,0,2,2,4,27,1983
98,House,NC,R,Martin,James,Grubbs,1935,0,0,4,4,50,1983
98,House,IL,R,Martin,Lynn,Morley,1939,1,2,2,4,55,1983
98,House,NY,R,Martin,David,O'Brien,1944,0,3,0,3,36,1983
98,House,CA,D,Martinez,Matthew,G.,1929,0,3,2,5,100,1983
98,House,CA,D,Matsui,Robert,T.,1941,0,0,1,1,91,1983
98,House,MA,D,Mavroules,Nicholas,James,1929,0,3,0,3,91,1983
98,House,KY,D,Mazzoli,Romano,Louis,1932,0,1,1,2,64,1983
98,House,AZ,R,McCain,John,Sidney,1936,0,2,3,5,45,1983
98,House,CA,R,McCandless,Alfred,A.,1927,0,1,1,2,27,1983
98,House,IN,D,McCloskey,Francis,Xavier,1939,0,1,1,2,91,1983
98,House,FL,R,McCollum,Ira,William,1944,0,0,3,3,27,1983
98,House,OK,D,McCurdy,David,Keith,1950,0,2,1,3,73,1983
98,House,PA,R,McDade,Joseph,Michael,1931,0,2,3,5,40,1983
98,House,GA,D,McDonald,Lawrence,Patton,1935,0,1,1,2,17,1983
98,House,OH,R,McEwen,Bob,NA,1950,0,2,2,4,27,1983
98,House,NY,R,McGrath,Raymond,Joseph,1942,0,0,0,0,36,1983
98,House,NY,D,McHugh,Matthew,Francis,1938,0,2,1,3,91,1983
98,House,ME,R,McKernan,John,Rettie,1948,0,0,1,1,64,1983
98,House,CT,R,McKinney,Stewart,Brett,1931,0,3,2,5,82,1983
98,House,AZ,D,McNulty,James,Francis,1925,0,3,6,9,89,1983
98,House,FL,D,Mica,Daniel,Andrew,1944,0,2,2,4,91,1983
98,House,IL,R,Michel,Robert,Henry,1923,0,2,2,4,22,1983
98,House,MD,D,Mikulski,Barbara,Ann,1936,1,0,0,0,100,1983
98,House,OH,R,Miller,Clarence,E.,1917,0,2,0,2,27,1983
98,House,CA,D,Miller,George,NA,1945,0,0,2,2,100,1983
98,House,CA,D,Mineta,Norman,Y.,1931,0,0,2,2,100,1983
98,House,NJ,D,Minish,Joseph,George,1916,0,0,0,0,91,1983
98,House,MD,D,Mitchell,Parren,James,1922,0,0,0,0,100,1983
98,House,MA,D,Moakley,John,Joseph,1927,0,0,0,0,91,1983
98,House,NY,R,Molinari,Guy,Victor,1928,0,1,2,3,44,1983
98,House,WV,D,Mollohan,Alan,Bowlby,1943,0,1,4,5,73,1983
98,House,MS,D,Montgomery,Gillespie,V.,1920,0,0,0,0,45,1983
98,House,WI,D,Moody,Jim,NA,1935,0,1,1,2,100,1983
98,House,LA,R,Moore,William,Henson,1939,0,2,1,3,18,1983
98,House,CA,R,Moorhead,Carlos,John,1922,0,2,0,2,10,1983
98,House,CT,D,Morrison,Bruce,Andrew,1944,0,0,0,0,100,1983
98,House,WA,R,Morrison,Sidney,Wallace,1933,0,3,1,4,44,1983
98,House,NY,D,Mrazek,Robert,Jan,1945,0,1,1,2,100,1983
98,House,PA,D,Murphy,Austin,John,1927,0,1,1,2,80,1983
98,House,PA,D,Murtha,John,Patrick,1932,0,1,2,3,60,1983
98,House,IN,R,Myers,John,Thomas,1927,0,2,0,2,36,1983
98,House,KY,D,Natcher,William,Huston,1909,0,2,0,2,73,1983
98,House,NC,D,Neal,Stephen,Lybrook,1934,0,0,1,1,88,1983
98,House,FL,D,Nelson,Clarence,William,1942,0,1,1,2,70,1983
98,House,AL,D,Nichols,William,Flynt,1918,0,2,1,3,45,1983
98,House,UT,R,Nielson,Howard,Curtis,1924,0,4,3,7,18,1983
98,House,NY,D,Nowak,Henry,James,1935,0,1,1,2,80,1983
98,House,IL,R,O'Brien,George,Miller,1917,0,1,1,2,45,1983
98,House,MA,D,O'Neill,Thomas,Philip,1912,0,1,3,4,100,1983
98,House,OH,D,Oakar,Mary,Rose,1940,1,0,0,0,82,1983
98,House,MN,D,Oberstar,James,Louis,1934,0,4,2,6,91,1983
98,House,WI,D,Obey,David,Ross,1938,0,0,2,2,100,1983
98,House,VA,D,Olin,James,R.,1920,0,3,2,5,90,1983
98,House,TX,D,Ortiz,Solomon,P.,1937,0,1,1,2,64,1983
98,House,NY,D,Ottinger,Richard,Lawrence,1929,0,1,3,4,100,1983
98,House,NY,D,Owens,Major,Robert Odell,1936,0,1,4,5,100,1983
98,House,OH,R,Oxley,Michael,Garver,1944,0,0,1,1,20,1983
98,House,CA,R,Packard,Ronald,C.,1931,0,4,3,7,27,1983
98,House,CA,D,Panetta,Leon,Edward,1938,0,0,3,3,100,1983
98,House,VA,R,Parris,Stanford,E.,1929,0,2,1,3,36,1983
98,House,CA,R,Pashayan,Charles,NA,1941,0,NA,NA,NA,27,1983
98,House,TX,D,Patman,William,Neff,1927,0,1,0,1,64,1983
98,House,CA,D,Patterson,Jerry,Mumford,1934,0,2,2,4,100,1983
98,House,TX,R,Paul,Ronald,Ernest,1935,0,3,3,6,22,1983
98,House,OH,D,Pease,Donald,James,1931,0,1,0,1,100,1983
98,House,MN,D,Penny,Timothy,Joseph,1951,0,2,2,4,82,1983
98,House,FL,D,Pepper,Claude,Denson,1900,0,0,0,0,100,1983
98,House,KY,D,Perkins,Carl,Dewey,1912,0,0,1,1,91,1983
98,House,WI,R,Petri,Thomas,Evert,1940,0,1,0,1,45,1983
98,House,TX,D,Pickle,James,Jarrell,1913,0,1,0,1,73,1983
98,House,IL,R,Porter,John,Edward,1935,0,3,2,5,36,1983
98,House,IL,D,Price,Charles,Melvin,1905,0,0,1,1,73,1983
98,House,WA,R,Pritchard,Joel,McFee,1925,0,3,1,4,50,1983
98,House,MI,R,Pursell,Carl,Duane,1932,0,1,2,3,60,1983
98,House,TN,R,Quillen,James,Henry,1916,0,0,0,0,30,1983
98,House,WV,D,Rahall,Nick,Joe,1949,0,2,1,3,100,1983
98,House,NY,D,Rangel,Charles,B.,1930,0,1,1,2,100,1983
98,House,CT,D,Ratchford,William,Richard,1934,0,0,3,3,100,1983
98,House,GA,D,Ray,Richard,Belmont,1927,0,2,1,3,30,1983
98,House,OH,R,Regula,Ralph,Straus,1924,0,1,2,3,55,1983
98,House,NV,D,Reid,Harry,NA,1939,0,1,4,5,73,1983
98,House,NM,D,Richardson,Bill,NA,1947,0,1,1,2,91,1983
98,House,PA,R,Ridge,Thomas,Joseph,1945,0,1,1,2,55,1983
98,House,NJ,R,Rinaldo,Matthew,John,1931,0,0,0,0,70,1983
98,House,PA,R,Ritter,Donald,Lawrence,1940,0,1,1,2,20,1983
98,House,KS,R,Roberts,Charles,Patrick,1936,0,2,1,3,36,1983
98,House,VA,R,Robinson,James,Kenneth,1916,0,3,3,6,18,1983
98,House,NJ,D,Rodino,Peter,Wallace,1909,0,1,1,2,100,1983
98,House,NJ,D,Roe,Robert,A.,1924,0,0,0,0,91,1983
98,House,LA,D,Roemer,Charles,Elson,1943,0,0,0,0,36,1983
98,House,KY,R,Rogers,Harold,Dallas,1937,0,1,2,3,36,1983
98,House,NC,D,Rose,Charles,Grandison,1939,0,2,2,4,100,1983
98,House,IL,D,Rostenkowski,Daniel,David,1928,0,3,0,3,82,1983
98,House,WI,R,Roth,Toby,A.,1938,0,0,0,0,27,1983
98,House,NJ,R,Roukema,Margaret,Scafati,1929,1,1,1,2,73,1983
98,House,GA,D,Rowland,James,Roy,1926,0,2,1,3,45,1983
98,House,CA,D,Roybal,Edward,R.,1916,0,2,1,3,91,1983
98,House,AZ,R,Rudd,Eldon,Dean,1920,0,2,0,2,18,1983
98,House,IL,D,Russo,Martin,Anthony,1944,0,1,1,2,73,1983
98,House,MN,D,Sabo,Martin,Olav,1938,0,2,0,2,100,1983
98,House,IL,D,Savage,Gus,NA,1925,0,1,1,2,100,1983
98,House,MI,R,Sawyer,Harold,Samuel,1920,0,2,2,4,14,1983
98,House,CO,R,Schaefer,Daniel,NA,1936,0,1,3,4,43,1983
98,House,NY,D,Scheuer,James,Haas,1920,0,2,2,4,100,1983
98,House,RI,R,Schneider,Claudine,NA,1947,1,0,0,0,100,1983
98,House,CO,D,Schroeder,Patricia,Scott,1940,0,1,1,2,91,1983
98,House,PA,R,Schulze,Richard,Taylor,1929,0,2,2,4,40,1983
98,House,NY,D,Schumer,Charles,Ellis,1950,0,2,0,2,100,1983
98,House,OH,D,Seiberling,John,Frederick,1918,0,0,0,0,100,1983
98,House,WI,R,Sensenbrenner,Frank,James,1943,0,0,2,2,18,1983
98,House,MA,D,Shannon,James,Michael,1952,0,NA,NA,NA,100,1983
98,House,IN,D,Sharp,Philip,Riley,1942,0,0,2,2,91,1983
98,House,FL,R,Shaw,Eugene,Clay,1939,0,2,2,4,27,1983
98,House,AL,D,Shelby,Richard,C.,1934,0,0,2,2,36,1983
98,House,CA,R,Shumway,Norman,David,1934,0,3,3,6,10,1983
98,House,PA,R,Shuster,E.,G.,1932,0,3,2,5,18,1983
98,House,MN,D,Sikorski,Gerald,Edward,1948,0,1,0,1,91,1983
98,House,MI,R,Siljander,Mark,Deli,1951,0,3,1,4,18,1983
98,House,IL,D,Simon,Paul,Martin,1928,0,1,1,2,100,1983
98,House,VA,D,Sisisky,Norman,NA,1927,0,0,4,4,89,1983
98,House,NM,R,Skeen,Joseph,Richard,1927,0,1,1,2,27,1983
98,House,MO,D,Skelton,Isaac,Newton,1931,0,1,2,3,55,1983
98,House,KS,D,Slattery,James,Charles,1948,0,0,2,2,73,1983
98,House,OR,R,Smith,Dennis,Alan,1938,0,2,2,4,25,1983
98,House,NE,R,Smith,Virginia,Dodd,1911,1,0,0,0,55,1983
98,House,IA,D,Smith,Neal,Edward,1920,0,1,1,2,82,1983
98,House,OR,R,Smith,Robert,Freeman,1931,0,1,2,3,10,1983
98,House,NJ,R,Smith,Christopher,Henry,1953,0,2,2,4,45,1983
98,House,FL,D,Smith,Lawrence,Jack,1941,0,1,1,2,100,1983
98,House,ME,R,Snowe,Olympia,Jean,1947,1,0,0,0,64,1983
98,House,KY,R,Snyder,Marion,Gene,1928,0,1,1,2,27,1983
98,House,NY,D,Solarz,Stephen,Joshua,1940,0,0,0,0,100,1983
98,House,NY,R,Solomon,Gerald,Brooks Hunt,1930,0,2,3,5,27,1983
98,House,SC,R,Spence,Floyd,Davidson,1928,0,0,4,4,27,1983
98,House,SC,D,Spratt,John,McKee,1942,0,3,0,3,89,1983
98,House,RI,D,St. Germain,Fernand,Joseph,1928,0,2,0,2,82,1983
98,House,WV,D,Staggers,Harley,Orrin,1951,0,2,1,3,91,1983
98,House,MN,R,Stangeland,Arlan,Ingehart,1930,0,2,5,7,30,1983
98,House,CA,D,Stark,Fortney,Hillman,1931,0,4,3,7,91,1983
98,House,TX,D,Stenholm,Charles,Walter,1938,0,1,2,3,27,1983
98,House,OH,D,Stokes,Louis,NA,1925,0,3,1,4,100,1983
98,House,NY,D,Stratton,Samuel,Studdiford,1916,0,3,2,5,45,1983
98,House,MA,D,Studds,Gerry,Eastman,1937,0,0,0,0,91,1983
98,House,AZ,R,Stump,Robert,Lee,1927,0,1,2,3,18,1983
98,House,TN,R,Sundquist,Donald,Kenneth,1936,0,2,1,3,18,1983
98,House,WA,D,Swift,Allan,Byron,1935,0,2,0,2,100,1983
98,House,OK,D,Synar,Michael,Lynn,1950,0,0,0,0,100,1983
98,House,SC,D,Tallon,Robert,Mooneyhan,1946,0,0,0,0,100,1983
98,House,IA,R,Tauke,Thomas,Joseph,1950,0,1,1,2,45,1983
98,House,LA,D,Tauzin,Wilbert,Joseph,1943,0,1,4,5,55,1983
98,House,MO,R,Taylor,Gene,NA,1928,0,1,2,3,36,1983
98,House,GA,D,Thomas,Robert,Lindsay,1943,0,NA,NA,NA,55,1983
98,House,CA,R,Thomas,William,Marshall,1941,0,1,1,2,40,1983
98,House,CA,D,Torres,Esteban,Edward,1930,0,4,1,5,100,1983
98,House,NJ,D,Torricelli,Robert,Guy,1951,0,0,0,0,100,1983
98,House,NY,D,Towns,Edolphus,NA,1934,0,1,1,2,100,1983
98,House,MI,D,Traxler,Jerome,Bob,1931,0,1,0,1,90,1983
98,House,AZ,D,Udall,Morris,King,1922,0,3,3,6,89,1983
98,House,NC,D,Valentine,Itimous,Thaddeus,1926,0,1,3,4,64,1983
98,House,MI,R,Vander Jagt,Guy,Adrian,1931,0,1,0,1,27,1983
98,House,TX,D,Vandergriff,Tommy,Joe,1926,0,2,1,3,45,1983
98,House,MN,D,Vento,Bruce,Frank,1940,0,0,3,3,91,1983
98,House,MO,D,Volkmer,Harold,Lee,1931,0,1,2,3,82,1983
98,House,NV,R,Vucanovich,Barbara,Farrell,1921,1,2,2,4,27,1983
98,House,PA,D,Walgren,Douglas,NA,1940,0,NA,NA,NA,91,1983
98,House,PA,R,Walker,Robert,Smith,1942,0,0,0,0,27,1983
98,House,IL,D,Washington,Harold,NA,1922,0,0,0,0,100,1983
98,House,OK,D,Watkins,Wesley,Wade,1938,0,2,1,3,64,1983
98,House,CA,D,Waxman,Henry,Arnold,1939,0,1,1,2,100,1983
98,House,OR,D,Weaver,James,Howard,1927,0,3,0,3,100,1983
98,House,MN,R,Weber,John,Vincent,1952,0,1,1,2,18,1983
98,House,NY,D,Weiss,Theodore,S.,1927,0,0,2,2,100,1983
98,House,MO,D,Wheat,Alan,Dupree,1951,0,1,2,3,100,1983
98,House,VA,R,Whitehurst,George,William,1925,0,1,1,2,40,1983
98,House,NC,D,Whitley,Charles,Orville,1927,0,0,0,0,64,1983
98,House,KS,R,Whittaker,Robert,Russell,1939,0,1,3,4,45,1983
98,House,MS,D,Whitten,Jamie,Lloyd,1910,0,1,1,2,73,1983
98,House,MT,D,Williams,John,Patrick,1937,0,1,1,2,100,1983
98,House,OH,R,Williams,Lyle,NA,1942,0,3,1,4,73,1983
98,House,TX,D,Wilson,Charles,NA,1933,0,0,0,0,64,1983
98,House,KS,R,Winn,Edward,Lawrence,1919,0,2,3,5,40,1983
98,House,CO,D,Wirth,Timothy,E.,1939,0,1,1,2,100,1983
98,House,WV,D,Wise,Robert,Ellsworth,1948,0,1,1,2,100,1983
98,House,VA,R,Wolf,Frank,Rudolph,1939,0,4,1,5,36,1983
98,House,MI,D,Wolpe,Howard,Eliot,1939,0,3,2,5,100,1983
98,House,NY,R,Wortley,George,Cornelius,1926,0,2,1,3,40,1983
98,House,TX,D,Wright,James,Claude,1922,0,3,1,4,80,1983
98,House,OR,D,Wyden,Ronald,Lee,1949,0,3,2,5,100,1983
98,House,OH,R,Wylie,Chalmers,Pangburn,1920,0,1,1,2,30,1983
98,House,IL,D,Yates,Sidney,Richard,1909,0,0,1,1,100,1983
98,House,PA,D,Yatron,Gus,NA,1927,0,1,1,2,70,1983
98,House,MO,D,Young,Robert,Anton,1923,0,2,1,3,82,1983
98,House,AK,R,Young,Donald,Edwin,1933,0,2,0,2,45,1983
98,House,FL,R,Young,Charles,William,1930,0,0,3,3,27,1983
98,House,CA,R,Zschau,Edwin,Van Wyck,1940,0,2,1,3,45,1983
108,House,HI,D,Abercrombie,Neil,NA,1938,0,0,0,0,86,2003
108,House,NY,D,Ackerman,Gary,Leonard,1942,0,1,2,3,83,2003
108,House,AL,R,Aderholt,Robert,NA,1965,0,1,1,2,12,2003
108,House,MO,R,Akin,W.,Todd,1947,0,2,4,6,12,2003
108,House,LA,D,Alexander,Rodney,NA,1946,0,2,1,3,62,2003
108,House,ME,D,Allen,Thomas,H.,1945,0,2,0,2,86,2003
108,House,NJ,D,Andrews,Robert,Ernest,1957,0,2,0,2,88,2003
108,House,CA,D,Baca,Joe,NA,1947,0,2,2,4,88,2003
108,House,AL,R,Bachus,Spencer,T.,1947,0,2,3,5,12,2003
108,House,WA,D,Baird,Brian,NA,1956,0,0,0,0,88,2003
108,House,LA,R,Baker,Richard,Hugh,1948,0,1,1,2,12,2003
108,House,WI,D,Baldwin,Tammy,NA,1962,1,0,0,0,88,2003
108,House,NC,D,Ballance,Frank,W.,1942,0,2,1,3,86,2003
108,House,NC,R,Ballenger,Cass,NA,1926,0,3,0,3,17,2003
108,House,SC,R,Barrett,James,Gresham,1961,0,1,2,3,14,2003
108,House,MD,R,Bartlett,Roscoe,Gardner,1926,0,4,6,10,12,2003
108,House,TX,R,Barton,Joe,Linus,1949,0,2,2,4,12,2003
108,House,NH,R,Bass,Charles,Foster,1952,0,1,1,2,50,2003
108,House,CO,R,Beauprez,Bob,NA,1948,0,1,3,4,12,2003
108,House,CA,D,Becerra,Xavier,NA,1958,0,3,0,3,88,2003
108,House,TX,D,Bell,Chris,NA,1959,0,0,2,2,100,2003
108,House,NE,R,Bereuter,Douglas,Kent,1939,0,0,2,2,29,2003
108,House,NV,D,Berkley,Shelley,NA,1951,1,0,2,2,86,2003
108,House,CA,D,Berman,Howard,Lawrence,1941,0,2,0,2,86,2003
108,House,AR,D,Berry,Robert,Marion,1942,0,1,1,2,62,2003
108,House,IL,R,Biggert,Judy,Borg,1937,1,3,1,4,50,2003
108,House,FL,R,Bilirakis,Michael,NA,1930,0,0,2,2,12,2003
108,House,GA,D,Bishop,Sanford,Dixon,1947,0,1,0,1,88,2003
108,House,NY,D,Bishop,Timothy,H.,1950,0,2,0,2,88,2003
108,House,UT,R,Bishop,Robert,NA,1951,0,1,4,5,12,2003
108,House,TN,R,Blackburn,Marsha,NA,1952,1,1,1,2,12,2003
108,House,OR,D,Blumenauer,Earl,NA,1948,0,1,1,2,86,2003
108,House,MO,R,Blunt,Roy,NA,1950,0,1,2,3,12,2003
108,House,NY,R,Boehlert,Sherwood,Louis,1936,0,2,0,2,57,2003
108,House,OH,R,Boehner,John,Andrew,1949,0,2,0,2,12,2003
108,House,TX,R,Bonilla,Henry,NA,1954,0,1,1,2,12,2003
108,House,AL,R,Bonner,Josiah,Robins,1959,0,1,1,2,12,2003
108,House,CA,R,Bono,Mary,NA,1961,1,1,1,2,25,2003
108,House,AR,R,Boozman,John,NA,1950,0,3,0,3,12,2003
108,House,IA,D,Boswell,Leonard,L.,1934,0,3,1,4,88,2003
108,House,VA,D,Boucher,Frederick,C.,1946,0,0,0,0,88,2003
108,House,FL,D,Boyd,F.,Allen,1945,0,1,3,4,62,2003
108,House,NH,R,Bradley,Jeb,NA,1952,0,2,2,4,38,2003
108,House,PA,D,Brady,Robert,A.,1945,0,1,1,2,88,2003
108,House,TX,R,Brady,Kevin,Patrick,1955,0,0,2,2,0,2003
108,House,SC,R,Brown,Henry,Edward,1935,0,2,1,3,12,2003
108,House,FL,D,Brown,Corrine,NA,1946,1,1,0,1,88,2003
108,House,OH,D,Brown,Sherrod,NA,1952,0,2,0,2,88,2003
108,House,FL,R,Brown-Waite,Virginia,NA,1943,1,3,0,3,12,2003
108,House,TX,R,Burgess,Michael,C.,1950,0,1,2,3,12,2003
108,House,GA,R,Burns,Max,NA,1948,0,0,2,2,25,2003
108,House,NC,R,Burr,Richard,M.,1955,0,0,2,2,33,2003
108,House,IN,R,Burton,Danny,Lee,1938,0,2,1,3,17,2003
108,House,NC,D,Butterfield,George,Kenneth,1947,0,3,0,3,100,2003
108,House,IN,R,Buyer,Stephen,Earle,1958,0,1,1,2,0,2003
108,House,CA,R,Calvert,Ken,NA,1953,0,0,0,0,12,2003
108,House,MI,R,Camp,David,Lee,1953,0,2,1,3,12,2003
108,House,UT,R,Cannon,Christopher,B.,1950,0,6,2,8,17,2003
108,House,VA,R,Cantor,Eric,NA,1963,0,1,2,3,12,2003
108,House,WV,R,Capito,Shelley,Moore,1953,1,1,2,3,50,2003
108,House,CA,D,Capps,Lois,NA,1938,1,2,1,3,88,2003
108,House,MA,D,Capuano,Michael,Everett,1952,0,0,2,2,86,2003
108,House,MD,D,Cardin,Benjamin,Louis,1943,0,1,1,2,88,2003
108,House,CA,D,Cardoza,Dennis,A.,1959,0,3,1,4,100,2003
108,House,IN,D,Carson,Julia,May,1938,1,1,1,2,88,2003
108,House,OK,D,Carson,Brad,NA,1967,0,0,0,0,88,2003
108,House,TX,R,Carter,John,R.,1941,0,2,2,4,12,2003
108,House,HI,D,Case,Ed,NA,1952,0,1,3,4,88,2003
108,House,DE,R,Castle,Michael,Newbold,1939,0,0,0,0,50,2003
108,House,OH,R,Chabot,Steve,NA,1953,0,1,1,2,12,2003
108,House,KY,D,Chandler,A.,B.,1959,0,1,2,3,100,2003
108,House,IN,R,Chocola,Chris,NA,1962,0,1,1,2,12,2003
108,House,MO,D,Clay,William,Lacy,1956,0,1,1,2,88,2003
108,House,SC,D,Clyburn,James,Enos,1940,0,3,0,3,88,2003
108,House,NC,R,Coble,Howard,NA,1931,0,0,0,0,12,2003
108,House,OK,R,Cole,Tom,NA,1949,0,0,1,1,12,2003
108,House,GA,R,Collins,Michael,Allen,1944,0,2,2,4,0,2003
108,House,TX,R,Combest,Larry,Ed,1945,0,1,1,2,NA,2003
108,House,MI,D,Conyers,John,NA,1929,0,0,2,2,88,2003
108,House,TN,D,Cooper,James,Hayes Shofner,1954,0,1,2,3,88,2003
108,House,IL,D,Costello,Jerry,Francis,1949,0,1,2,3,75,2003
108,House,CA,R,Cox,Charles,Christopher,1952,0,1,2,3,12,2003
108,House,AL,D,Cramer,Robert,E.,1947,0,1,0,1,88,2003
108,House,IL,R,Crane,Philip,Miller,1930,0,5,1,6,12,2003
108,House,FL,R,Crenshaw,Ander,NA,1944,0,1,1,2,12,2003
108,House,NY,D,Crowley,Joseph,NA,1962,0,1,2,3,88,2003
108,House,WY,R,Cubin,Barbara,L.,1946,1,0,2,2,20,2003
108,House,TX,R,Culberson,John,NA,1956,0,1,0,1,12,2003
108,House,MD,D,Cummings,Elijah,Eugene,1951,0,2,1,3,88,2003
108,House,CA,R,Cunningham,Randall,NA,1941,0,2,1,3,12,2003
108,House,CA,D,Davis,Susan,A.,1944,1,0,2,2,88,2003
108,House,VA,R,Davis,Jo,Ann,1950,1,0,2,2,12,2003
108,House,IL,D,Davis,Danny,K.,1941,0,1,1,2,88,2003
108,House,VA,R,Davis,Thomas,M.,1949,0,2,1,3,25,2003
108,House,AL,D,Davis,Artur,NA,1967,0,0,0,0,88,2003
108,House,FL,D,Davis,Jim,NA,1957,0,0,2,2,86,2003
108,House,TN,D,Davis,Lincoln,NA,1943,0,3,0,3,57,2003
108,House,GA,R,Deal,John,Nathan,1942,0,3,1,4,12,2003
108,House,OR,D,Defazio,Peter,Anthony,1947,0,0,0,0,88,2003
108,House,CO,D,Degette,Diana,NA,1957,1,2,0,2,86,2003
108,House,MA,D,Delahunt,Bill,NA,1941,0,2,0,2,86,2003
108,House,CT,D,Delauro,Rosa,L.,1943,1,2,1,3,88,2003
108,House,TX,R,Delay,Thomas,Dale,1947,0,1,0,1,12,2003
108,House,SC,R,Demint,James,W.,1951,0,2,2,4,14,2003
108,House,FL,D,Deutsch,Peter,R.,1957,0,1,1,2,88,2003
108,House,FL,R,Diaz-Balart,Lincoln,NA,1954,0,0,2,2,29,2003
108,House,FL,R,Diaz-Balart,Mario,NA,1961,0,0,0,0,25,2003
108,House,WA,D,Dicks,Norman,DeValois,1940,0,0,2,2,88,2003
108,House,MI,D,Dingell,John,David,1926,0,2,2,4,88,2003
108,House,TX,D,Doggett,Lloyd,Alton,1946,0,2,0,2,100,2003
108,House,CA,D,Dooley,Calvin,M.,1954,0,2,0,2,86,2003
108,House,CA,R,Doolittle,John,Taylor,1950,0,1,1,2,12,2003
108,House,PA,D,Doyle,Michael,F.,1953,0,1,3,4,75,2003
108,House,CA,R,Dreier,David,Timothy,1952,0,0,0,0,12,2003
108,House,TN,R,Duncan,John,J.,1947,0,2,2,4,12,2003
108,House,WA,R,Dunn,Jennifer,Blackburn,1941,1,0,3,3,25,2003
108,House,TX,D,Edwards,Thomas,Chester,1951,0,0,2,2,75,2003
108,House,MI,R,Ehlers,Vernon,James,1934,0,2,2,4,14,2003
108,House,IL,D,Emanuel,Rahm,NA,1959,0,2,1,3,88,2003
108,House,MO,R,Emerson,Jo,Ann,1950,1,8,1,9,12,2003
108,House,NY,D,Engel,Eliot,Lance,1947,0,1,2,3,88,2003
108,House,PA,R,English,Philip,Sheridan,1956,0,0,0,0,25,2003
108,House,CA,D,Eshoo,Anna,Georges,1942,1,1,1,2,86,2003
108,House,NC,D,Etheridge,Bobby,R.,1941,0,1,2,3,88,2003
108,House,IL,D,Evans,Lane,Allen,1951,0,0,0,0,88,2003
108,House,AL,R,Everett,Robert,Terry,1937,0,0,0,0,14,2003
108,House,CA,D,Farr,Sam,NA,1941,0,1,0,1,88,2003
108,House,PA,D,Fattah,Chaka,NA,1956,0,2,1,3,83,2003
108,House,FL,R,Feeney,Tom,NA,1958,0,0,2,2,12,2003
108,House,NJ,R,Ferguson,Michael,NA,1970,0,2,1,3,33,2003
108,House,CA,D,Filner,Bob,NA,1942,0,1,1,2,88,2003
108,House,AZ,R,Flake,Jeff,NA,1962,0,1,4,5,12,2003
108,House,KY,R,Fletcher,Ernest,L.,1952,0,1,1,2,0,2003
108,House,FL,R,Foley,Mark,A.,1954,0,0,0,0,57,2003
108,House,VA,R,Forbes,J.,Randy,1952,0,1,3,4,0,2003
108,House,TN,D,Ford,Harold,NA,1970,0,0,0,0,67,2003
108,House,NY,R,Fossella,Vito,John,1965,0,1,2,3,14,2003
108,House,MA,D,Frank,Barney,NA,1940,0,0,0,0,88,2003
108,House,AZ,R,Franks,Trent,NA,1957,0,1,1,2,12,2003
108,House,NJ,R,Frelinghuysen,Rodney,P.,1946,0,2,0,2,38,2003
108,House,TX,D,Frost,Jonas,Martin,1942,0,0,0,0,88,2003
108,House,CA,R,Gallegly,Elton,W.,1944,0,1,3,4,14,2003
108,House,NJ,R,Garrett,Scott,NA,1959,0,2,0,2,12,2003
108,House,MO,D,Gephardt,Richard,Andrew,1941,0,2,1,3,75,2003
108,House,PA,R,Gerlach,Jim,NA,1955,0,1,2,3,38,2003
108,House,NV,R,Gibbons,James,A.,1944,0,0,1,1,12,2003
108,House,MD,R,Gilchrest,Wayne,Thomas,1946,0,1,2,3,50,2003
108,House,OH,R,Gillmor,Paul,Eugene,1939,0,2,3,5,25,2003
108,House,GA,R,Gingrey,Phil,NA,1942,0,2,2,4,12,2003
108,House,TX,D,Gonzalez,Charles,A.,1945,0,0,1,1,88,2003
108,House,VA,R,Goode,Virgil,H.,1946,0,1,0,1,12,2003
108,House,VA,R,Goodlatte,Robert,William,1952,0,1,1,2,12,2003
108,House,TN,D,Gordon,Barton,Jennings,1949,0,1,0,1,88,2003
108,House,FL,R,Goss,Porter,J.,1938,0,1,3,4,14,2003
108,House,TX,R,Granger,Kay,NA,1943,1,1,2,3,12,2003
108,House,MO,R,Graves,Samuel,NA,1963,0,2,1,3,25,2003
108,House,TX,D,Green,Raymond,Eugene,1947,0,1,1,2,88,2003
108,House,WI,R,Green,Mark,NA,1960,0,2,1,3,12,2003
108,House,PA,R,Greenwood,James,Charles,1951,0,2,2,4,29,2003
108,House,AZ,D,Grijalva,Raul,M.,1948,0,3,0,3,88,2003
108,House,IL,D,Gutierrez,Luis,V.,1953,0,2,0,2,83,2003
108,House,MN,R,Gutknecht,Gilbert,W.,1951,0,2,1,3,12,2003
108,House,TX,D,Hall,Ralph,Moody,1923,0,0,3,3,25,2003
108,House,CA,D,Harman,Jane,L.,1945,1,2,2,4,88,2003
108,House,FL,R,Harris,Katherine,NA,1957,1,1,0,1,12,2003
108,House,PA,R,Hart,Melissa,A.,1962,1,0,0,0,12,2003
108,House,IL,R,Hastert,John,Dennis,1942,0,0,2,2,0,2003
108,House,FL,D,Hastings,Alcee,Lamar,1936,0,2,1,3,86,2003
108,House,WA,R,Hastings,Richard,Norman,1941,0,2,1,3,12,2003
108,House,NC,R,Hayes,Robert,NA,1945,0,1,1,2,12,2003
108,House,AZ,R,Hayworth,John,D.,1958,0,2,1,3,17,2003
108,House,CO,R,Hefley,Joel,M.,1935,0,3,0,3,12,2003
108,House,TX,R,Hensarling,Jeb,NA,1957,0,1,1,2,12,2003
108,House,CA,R,Herger,Walter,William,1945,0,3,5,8,12,2003
108,House,SD,D,Herseth Sandlin,Stephanie,NA,1970,1,0,1,1,100,2003
108,House,IN,D,Hill,Baron,P.,1953,0,3,0,3,88,2003
108,House,NY,D,Hinchey,Maurice,Dunlea,1938,0,1,2,3,88,2003
108,House,TX,D,Hinojosa,Ruben,NA,1940,0,4,1,5,88,2003
108,House,OH,R,Hobson,David,Lee,1936,0,2,1,3,0,2003
108,House,PA,D,Hoeffel,Joseph,M.,1950,0,1,1,2,86,2003
108,House,MI,R,Hoekstra,Peter,NA,1953,0,2,1,3,12,2003
108,House,PA,D,Holden,Thomas,Timothy,1957,0,0,0,0,62,2003
108,House,NJ,D,Holt,Rush,NA,1948,0,1,2,3,88,2003
108,House,CA,D,Honda,Mike,NA,1941,0,1,1,2,100,2003
108,House,OR,D,Hooley,Darlene,NA,1939,1,1,1,2,88,2003
108,House,IN,R,Hostettler,John,Nathan,1961,0,2,2,4,25,2003
108,House,NY,R,Houghton,Amory,NA,1926,0,0,0,0,25,2003
108,House,MD,D,Hoyer,Steny,Hamilton,1939,0,3,0,3,88,2003
108,House,MO,R,Hulshof,Kenny,NA,1958,0,2,0,2,12,2003
108,House,CA,R,Hunter,Duncan,Lee,1948,0,0,2,2,14,2003
108,House,IL,R,Hyde,Henry,John,1924,0,1,3,4,12,2003
108,House,WA,D,Inslee,Jay,Robert,1951,0,0,3,3,88,2003
108,House,GA,R,Isakson,Johnny,NA,1944,0,1,2,3,29,2003
108,House,NY,D,Israel,Steve,NA,1958,0,2,0,2,88,2003
108,House,CA,R,Issa,Darrell,NA,1953,0,0,1,1,12,2003
108,House,OK,R,Istook,Ernest,James,1950,0,3,2,5,12,2003
108,House,IL,D,Jackson,Jesse,L.,1965,0,1,0,1,88,2003
108,House,TX,D,Jackson Lee,Sheila,NA,1950,1,1,1,2,88,2003
108,House,SD,R,Janklow,William,J.,1939,0,2,1,3,0,2003
108,House,LA,D,Jefferson,William,Jennings,1947,0,5,0,5,86,2003
108,House,TN,R,Jenkins,William,Lewis,1936,0,2,2,4,14,2003
108,House,LA,D,John,Christopher,NA,1960,0,0,2,2,50,2003
108,House,TX,D,Johnson,Eddie,Bernice,1935,1,0,1,1,88,2003
108,House,CT,R,Johnson,Nancy,Lee,1935,1,3,0,3,43,2003
108,House,IL,R,Johnson,Timothy,V.,1946,0,5,4,9,38,2003
108,House,TX,R,Johnson,Sam,NA,1930,0,2,1,3,14,2003
108,House,NC,R,Jones,Walter,Beaman,1943,0,1,0,1,12,2003
108,House,OH,D,Jones,Stephanie,Tubbs,1949,1,0,1,1,86,2003
108,House,PA,D,Kanjorski,Paul,E.,1937,0,1,0,1,88,2003
108,House,OH,D,Kaptur,Marcia,Carolyn,1946,1,0,0,0,75,2003
108,House,FL,R,Keller,Richard,NA,1964,0,2,1,3,12,2003
108,House,NY,R,Kelly,Sue,W.,1936,1,1,3,4,50,2003
108,House,RI,D,Kennedy,Patrick,Joseph,1967,0,0,0,0,88,2003
108,House,MN,R,Kennedy,Mark,NA,1957,0,2,2,4,12,2003
108,House,MI,D,Kildee,Dale,Edward,1929,0,1,2,3,75,2003
108,House,MI,D,Kilpatrick,Carolyn,Cheeks,1945,1,1,1,2,88,2003
108,House,WI,D,Kind,Ron,NA,1963,0,0,2,2,88,2003
108,House,NY,R,King,Peter,T.,1944,0,1,1,2,12,2003
108,House,IA,R,King,Steve,NA,1949,0,0,3,3,12,2003
108,House,GA,R,Kingston,Jack,NA,1955,0,2,2,4,17,2003
108,House,IL,R,Kirk,Mark,Steven,1959,0,0,0,0,43,2003
108,House,WI,D,Kleczka,Gerald,Daniel,1943,0,0,0,0,100,2003
108,House,MN,R,Kline,John,NA,1947,0,1,1,2,12,2003
108,House,MI,R,Knollenberg,Joseph,NA,1933,0,0,2,2,12,2003
108,House,AZ,R,Kolbe,James,Thomas,1942,0,0,0,0,38,2003
108,House,OH,D,Kucinich,Dennis,NA,1946,0,1,0,1,100,2003
108,House,IL,R,Lahood,Ray,H.,1945,0,2,2,4,29,2003
108,House,TX,D,Lampson,Nicholas,V.,1945,0,2,0,2,88,2003
108,House,RI,D,Langevin,James,NA,1964,0,0,0,0,88,2003
108,House,CA,D,Lantos,Thomas,Peter,1928,0,2,0,2,100,2003
108,House,WA,D,Larsen,Richard,Ray,1965,0,0,2,2,88,2003
108,House,CT,D,Larson,John,B.,1948,0,2,1,3,88,2003
108,House,IA,R,Latham,Thomas,NA,1948,0,2,1,3,12,2003
108,House,OH,R,Latourette,Steven,C.,1954,0,3,1,4,12,2003
108,House,IA,R,Leach,James,Albert Smith,1942,0,1,1,2,67,2003
108,House,CA,D,Lee,Barbara,NA,1946,1,0,2,2,88,2003
108,House,MI,D,Levin,Sander,Martin,1931,0,2,2,4,88,2003
108,House,CA,R,Lewis,Charles,Jeremy,1934,0,2,5,7,25,2003
108,House,GA,D,Lewis,John,R.,1940,0,0,1,1,88,2003
108,House,KY,R,Lewis,Ron,NA,1946,0,1,1,2,12,2003
108,House,GA,R,Linder,John,Elmer,1942,0,1,1,2,14,2003
108,House,IL,D,Lipinski,William,Oliver,1937,0,1,1,2,29,2003
108,House,NJ,R,Lobiondo,Frank,A.,1946,0,2,0,2,38,2003
108,House,CA,D,Lofgren,Zoe,NA,1947,1,1,1,2,86,2003
108,House,NY,D,Lowey,Nita,M.,1937,1,2,1,3,88,2003
108,House,OK,R,Lucas,Frank,D.,1960,0,2,1,3,12,2003
108,House,KY,D,Lucas,Ken,NA,1933,0,2,3,5,38,2003
108,House,MA,D,Lynch,Stephen,F.,1955,0,1,0,1,75,2003
108,House,GA,D,Majette,Denise,L.,1955,1,0,2,2,86,2003
108,House,NY,D,Maloney,Carolyn,Bosher,1946,1,2,0,2,88,2003
108,House,IL,R,Manzullo,Donald,A.,1944,0,1,2,3,12,2003
108,House,MA,D,Markey,Edward,John,1946,0,0,0,0,88,2003
108,House,GA,D,Marshall,Jim,NA,1948,0,1,1,2,62,2003
108,House,UT,D,Matheson,James,David,1960,0,0,2,2,88,2003
108,House,CA,D,Matsui,Robert,T.,1941,0,0,1,1,88,2003
108,House,NY,D,McCarthy,Carolyn,NA,1944,1,0,1,1,88,2003
108,House,MO,D,McCarthy,Karen,NA,1947,1,0,0,0,88,2003
108,House,MN,D,McCollum,Betty,NA,1954,1,1,1,2,88,2003
108,House,MI,R,McCotter,Thaddeus,George,1965,0,1,2,3,12,2003
108,House,LA,R,McCrery,James,O.,1949,0,0,2,2,14,2003
108,House,WA,D,McDermott,James,A.,1936,0,1,1,2,88,2003
108,House,MA,D,McGovern,James,P.,1959,0,1,1,2,88,2003
108,House,NY,R,McHugh,John,Michael,1948,0,0,0,0,50,2003
108,House,CO,R,McInnis,Scott,NA,1953,0,2,1,3,0,2003
108,House,NC,D,McIntyre,Mike,NA,1956,0,0,2,2,50,2003
108,House,CA,R,McKeon,Howard,P.,1938,0,3,3,6,12,2003
108,House,NY,D,McNulty,Michael,Robert,1947,0,4,0,4,88,2003
108,House,MA,D,Meehan,Martin,Thomas,1956,0,0,1,1,88,2003
108,House,FL,D,Meek,Kendrick,B.,1966,0,1,1,2,88,2003
108,House,NY,D,Meeks,Gregory,W.,1953,0,3,0,3,100,2003
108,House,NJ,D,Menendez,Robert,NA,1954,0,1,1,2,100,2003
108,House,FL,R,Mica,John,L.,1943,0,1,1,2,12,2003
108,House,ME,D,Michaud,Michael,H.,1955,0,0,0,0,88,2003
108,House,CA,D,Millender-McDonald,Juanita,NA,1938,1,3,1,4,100,2003
108,House,FL,R,Miller,Jefferson,B.,1959,0,0,2,2,12,2003
108,House,CA,R,Miller,Gary,G.,1948,0,2,2,4,14,2003
108,House,MI,R,Miller,Candice,S.,1954,1,1,0,1,12,2003
108,House,NC,D,Miller,Brad,NA,1953,0,0,0,0,88,2003
108,House,CA,D,Miller,George,NA,1945,0,0,2,2,88,2003
108,House,WV,D,Mollohan,Alan,Bowlby,1943,0,1,4,5,71,2003
108,House,KS,D,Moore,Dennis,NA,1945,0,2,5,7,88,2003
108,House,VA,D,Moran,James,P.,1945,0,2,3,5,86,2003
108,House,KS,R,Moran,Jerry,NA,1954,0,2,0,2,12,2003
108,House,PA,R,Murphy,Timothy,NA,1952,0,1,0,1,12,2003
108,House,PA,D,Murtha,John,Patrick,1932,0,1,2,3,67,2003
108,House,CO,R,Musgrave,Marilyn,N,1949,1,2,2,4,12,2003
108,House,NC,R,Myrick,Sue,NA,1941,1,3,2,5,14,2003
108,House,NY,D,Nadler,Jerrold,Lewis,1947,0,0,1,1,88,2003
108,House,CA,D,Napolitano,Grace,Flores,1936,1,2,3,5,88,2003
108,House,MA,D,Neal,Richard,Edmund,1949,0,1,3,4,88,2003
108,House,WA,R,Nethercutt,George,R.,1944,0,1,1,2,14,2003
108,House,TX,R,Neugebauer,Randy,NA,1949,0,0,2,2,14,2003
108,House,OH,R,Ney,Robert,William,1954,0,1,1,2,25,2003
108,House,KY,R,Northup,Anne,Meagher,1948,1,2,4,6,0,2003
108,House,GA,R,Norwood,Charles,W.,1941,0,0,2,2,14,2003
108,House,CA,R,Nunes,Devin,NA,1973,0,3,0,3,12,2003
108,House,IA,R,Nussle,James,Allen,1960,0,1,1,2,12,2003
108,House,MN,D,Oberstar,James,Louis,1934,0,4,2,6,75,2003
108,House,WI,D,Obey,David,Ross,1938,0,0,2,2,88,2003
108,House,MA,D,Olver,John,Walter,1936,0,1,0,1,100,2003
108,House,TX,D,Ortiz,Solomon,P.,1937,0,1,1,2,75,2003
108,House,NE,R,Osborne,Thomas,NA,1937,0,2,1,3,25,2003
108,House,CA,R,Ose,Doug,NA,1955,0,2,0,2,25,2003
108,House,ID,R,Otter,C.,L.,1942,0,3,1,4,12,2003
108,House,NY,D,Owens,Major,Robert Odell,1936,0,1,4,5,88,2003
108,House,OH,R,Oxley,Michael,Garver,1944,0,0,1,1,12,2003
108,House,NJ,D,Pallone,Frank,NA,1951,0,2,1,3,88,2003
108,House,NJ,D,Pascrell,William,J.,1937,0,0,3,3,86,2003
108,House,AZ,D,Pastor,Ed,NA,1943,0,2,0,2,86,2003
108,House,TX,R,Paul,Ronald,Ernest,1935,0,3,3,6,43,2003
108,House,NJ,D,Payne,Donald,Milford,1934,0,2,1,3,83,2003
108,House,NM,R,Pearce,Stevan,NA,1947,0,1,0,1,12,2003
108,House,CA,D,Pelosi,Nancy,NA,1940,1,4,1,5,88,2003
108,House,IN,R,Pence,Mike,NA,1959,0,2,1,3,12,2003
108,House,MN,D,Peterson,Collin,Clark,1944,0,0,3,3,75,2003
108,House,PA,R,Peterson,John,NA,1938,0,0,1,1,12,2003
108,House,WI,R,Petri,Thomas,Evert,1940,0,1,0,1,12,2003
108,House,MS,R,Pickering,Charles,W.,1963,0,0,5,5,17,2003
108,House,PA,R,Pitts,Joseph,R.,1939,0,2,1,3,12,2003
108,House,PA,R,Platts,Todd,NA,1962,0,1,1,2,50,2003
108,House,CA,R,Pombo,Richard,William,1961,0,2,1,3,12,2003
108,House,ND,D,Pomeroy,Earl,Ralph,1952,0,1,1,2,75,2003
108,House,NV,R,Porter,Jon,C.,1955,0,1,1,2,25,2003
108,House,OH,R,Portman,Robert,Jones,1955,0,1,2,3,14,2003
108,House,NC,D,Price,David,Eugene,1940,0,1,1,2,88,2003
108,House,OH,R,Pryce,Deborah,D.,1951,1,1,1,2,25,2003
108,House,FL,R,Putnam,Adam,NA,1974,0,0,0,0,14,2003
108,House,NY,R,Quinn,John,Francis,1951,0,1,1,2,0,2003
108,House,CA,R,Radanovich,George,P.,1955,0,0,0,0,12,2003
108,House,WV,D,Rahall,Nick,Joe,1949,0,2,1,3,75,2003
108,House,MN,R,Ramstad,James,NA,1946,0,0,0,0,50,2003
108,House,NY,D,Rangel,Charles,B.,1930,0,1,1,2,86,2003
108,House,OH,R,Regula,Ralph,Straus,1924,0,1,2,3,12,2003
108,House,MT,R,Rehberg,Denny,NA,1955,0,2,1,3,12,2003
108,House,AZ,R,Renzi,Rick,NA,1958,0,7,5,12,12,2003
108,House,TX,D,Reyes,Silvestre,NA,1944,0,2,1,3,88,2003
108,House,NY,R,Reynolds,Thomas,M.,1950,0,1,3,4,12,2003
108,House,TX,D,Rodriguez,Ciro,D.,1946,0,1,0,1,86,2003
108,House,KY,R,Rogers,Harold,Dallas,1937,0,1,2,3,14,2003
108,House,AL,R,Rogers,Michael,Dennis,1958,0,1,2,3,14,2003
108,House,MI,R,Rogers,Mike,NA,1963,0,1,1,2,12,2003
108,House,CA,R,Rohrabacher,Dana,NA,1947,0,2,1,3,12,2003
108,House,FL,R,Ros-Lehtinen,Ileana,NA,1952,1,2,1,3,25,2003
108,House,AR,D,Ross,Michael,Avery,1961,0,1,1,2,75,2003
108,House,NJ,D,Rothman,Steven,NA,1952,0,1,1,2,88,2003
108,House,CA,D,Roybal-Allard,Lucille,NA,1941,1,1,1,2,86,2003
108,House,CA,R,Royce,Edward,Randall,1951,0,0,0,0,14,2003
108,House,MD,D,Ruppersberger,C. A.,Dutch,1946,0,1,1,2,88,2003
108,House,IL,D,Rush,Bobby,L.,1946,0,1,4,5,88,2003
108,House,WI,R,Ryan,Paul,D.,1970,0,1,2,3,12,2003
108,House,OH,D,Ryan,Timothy,J.,1973,0,0,1,1,100,2003
108,House,KS,R,Ryun,Jim,NA,1947,0,2,2,4,12,2003
108,House,MN,D,Sabo,Martin,Olav,1938,0,2,0,2,88,2003
108,House,CA,D,Sanchez,Loretta,NA,1960,1,0,0,0,86,2003
108,House,TX,D,Sandlin,Max,A.,1952,0,2,2,4,88,2003
108,House,NJ,R,Saxton,Hugh,James,1943,0,1,1,2,38,2003
108,House,IL,D,Schakowsky,Janice,D.,1944,0,1,1,2,88,2003
108,House,CA,D,Schiff,Adam,NA,1960,0,1,1,2,88,2003
108,House,VA,R,Schrock,Edward,NA,1941,0,0,1,1,12,2003
108,House,VA,D,Scott,Robert,C.,1947,0,0,0,0,88,2003
108,House,GA,D,Scott,David,NA,1945,0,2,0,2,88,2003
108,House,WI,R,Sensenbrenner,Frank,James,1943,0,0,2,2,12,2003
108,House,NY,D,Serrano,Jose,E.,1943,0,2,3,5,88,2003
108,House,TX,R,Sessions,Pete,NA,1955,0,0,2,2,14,2003
108,House,AZ,R,Shadegg,John,B.,1949,0,1,1,2,12,2003
108,House,FL,R,Shaw,Eugene,Clay,1939,0,2,2,4,50,2003
108,House,CT,R,Shays,Christopher,H.,1945,0,1,0,1,29,2003
108,House,CA,D,Sherman,Brad,NA,1954,0,3,0,3,88,2003
108,House,PA,R,Sherwood,Don,NA,1941,0,3,0,3,25,2003
108,House,IL,R,Shimkus,John,M.,1958,0,0,3,3,25,2003
108,House,PA,R,Shuster,William,NA,1961,0,0,2,2,12,2003
108,House,CT,R,Simmons,Robert,NA,1943,0,1,1,2,50,2003
108,House,ID,R,Simpson,Michael,K.,1950,0,0,0,0,12,2003
108,House,MO,D,Skelton,Isaac,Newton,1931,0,1,2,3,75,2003
108,House,NY,D,Slaughter,Louise,McIntosh,1929,1,3,0,3,88,2003
108,House,MI,R,Smith,Nick,H.,1934,0,3,1,4,25,2003
108,House,NJ,R,Smith,Christopher,Henry,1953,0,2,2,4,25,2003
108,House,TX,R,Smith,Lamar,Seeligson,1947,0,1,1,2,12,2003
108,House,WA,D,Smith,Adam,NA,1965,0,1,1,2,86,2003
108,House,AR,D,Snyder,Victor,F.,1947,0,0,0,0,88,2003
108,House,CA,D,Solis,Hilda,L.,1957,1,0,0,0,88,2003
108,House,IN,R,Souder,Mark,Edward,1950,0,1,2,3,12,2003
108,House,SC,D,Spratt,John,McKee,1942,0,3,0,3,88,2003
108,House,CA,D,Stark,Fortney,Hillman,1931,0,4,3,7,88,2003
108,House,FL,R,Stearns,Clifford,Bundy,1941,0,0,3,3,12,2003
108,House,TX,D,Stenholm,Charles,Walter,1938,0,1,2,3,62,2003
108,House,OH,D,Strickland,Ted,NA,1941,0,0,0,0,88,2003
108,House,MI,D,Stupak,Bart,T.,1952,0,0,2,2,75,2003
108,House,OK,R,Sullivan,John,NA,1965,0,2,2,4,14,2003
108,House,NY,R,Sweeney,John,E.,1955,0,1,2,3,12,2003
108,House,CA,D,Sanchez,Linda,T.,1969,1,0,1,1,86,2003
108,House,CO,R,Tancredo,Thomas,G.,1945,0,0,2,2,14,2003
108,House,TN,D,Tanner,John,S.,1944,0,1,1,2,75,2003
108,House,CA,D,Tauscher,Ellen,O'Kane,1951,1,1,0,1,88,2003
108,House,LA,R,Tauzin,Wilbert,Joseph,1943,0,1,4,5,17,2003
108,House,MS,D,Taylor,Gary,Eugene,1953,0,2,1,3,25,2003
108,House,NC,R,Taylor,Charles,Hart,1941,0,0,3,3,17,2003
108,House,NE,R,Terry,Lee,Raymond,1962,0,0,3,3,12,2003
108,House,CA,R,Thomas,William,Marshall,1941,0,1,1,2,25,2003
108,House,MS,D,Thompson,Bennie,NA,1948,0,1,0,1,88,2003
108,House,CA,D,Thompson,Michael,NA,1951,0,0,2,2,88,2003
108,House,TX,R,Thornberry,William,McClellan,1958,0,1,1,2,12,2003
108,House,KS,R,Tiahrt,Todd,NA,1951,0,1,2,3,14,2003
108,House,OH,R,Tiberi,Patrick,NA,1962,0,4,0,4,14,2003
108,House,MA,D,Tierney,John,F.,1951,0,0,0,0,88,2003
108,House,PA,R,Toomey,Patrick,Joseph,1961,0,1,1,2,12,2003
108,House,NY,D,Towns,Edolphus,NA,1934,0,1,1,2,88,2003
108,House,OH,R,Turner,Michael,R.,1960,0,2,0,2,12,2003
108,House,TX,D,Turner,Jim,NA,1946,0,1,1,2,88,2003
108,House,CO,D,Udall,Mark,NA,1950,0,1,1,2,88,2003
108,House,NM,D,Udall,Thomas,NA,1948,0,1,0,1,88,2003
108,House,MI,R,Upton,Frederick,Stephen,1953,0,1,1,2,25,2003
108,House,MD,D,Van Hollen,Christopher,NA,1959,0,1,2,3,88,2003
108,House,NY,D,Velazquez,Nydia,M.,1953,1,0,0,0,88,2003
108,House,IN,D,Visclosky,Peter,NA,1949,0,0,2,2,100,2003
108,House,LA,R,Vitter,David,NA,1961,0,3,1,4,12,2003
108,House,OR,R,Walden,Greg,NA,1957,0,0,1,1,50,2003
108,House,NY,R,Walsh,James,T.,1947,0,1,2,3,12,2003
108,House,TN,R,Wamp,Zachary,Paul,1957,0,1,1,2,12,2003
108,House,CA,D,Waters,Maxine,NA,1938,1,1,1,2,88,2003
108,House,CA,D,Watson,Diane,Edith,1933,1,0,0,0,88,2003
108,House,NC,D,Watt,Melvin,L.,1945,0,0,2,2,88,2003
108,House,CA,D,Waxman,Henry,Arnold,1939,0,1,1,2,83,2003
108,House,NY,D,Weiner,Anthony,D.,1964,0,0,0,0,88,2003
108,House,PA,R,Weldon,Wayne,Curtis,1947,0,3,2,5,17,2003
108,House,FL,R,Weldon,David,Joseph,1953,0,1,1,2,14,2003
108,House,IL,R,Weller,Gerald,C.,1957,0,0,0,0,25,2003
108,House,FL,D,Wexler,Robert,NA,1961,0,2,1,3,88,2003
108,House,KY,R,Whitfield,Wayne,Edward,1943,0,1,0,1,14,2003
108,House,MS,R,Wicker,Roger,F.,1951,0,2,1,3,12,2003
108,House,SC,R,Wilson,Addison,Graves,1947,0,0,4,4,14,2003
108,House,NM,R,Wilson,Heather,NA,1960,1,1,2,3,25,2003
108,House,VA,R,Wolf,Frank,Rudolph,1939,0,4,1,5,12,2003
108,House,CA,D,Woolsey,Lynn,C.,1937,1,1,3,4,86,2003
108,House,OR,D,Wu,David,NA,1955,0,1,1,2,75,2003
108,House,MD,D,Wynn,Albert,Russell,1951,0,2,0,2,88,2003
108,House,AK,R,Young,Donald,Edwin,1933,0,2,0,2,14,2003
108,House,FL,R,Young,Charles,William,1930,0,0,3,3,12,2003
116,House,LA,R,Abraham,Ralph,NA,1954,0,2,1,3,17,2019
116,House,NC,D,Adams,Alma,NA,1946,1,1,1,2,100,2019
116,House,AL,R,Aderholt,Robert,NA,1965,0,1,1,2,0,2019
116,House,CA,D,Aguilar,Peter,Rey,1979,0,0,2,2,100,2019
116,House,GA,R,Allen,Rick,W.,1951,0,3,1,4,14,2019
116,House,TX,D,Allred,Colin,NA,1983,0,0,2,2,71,2019
116,House,MI,R,Amash,Justin,NA,1980,0,2,1,3,0,2019
116,House,NV,R,Amodei,Mark,E.,1958,0,2,0,2,14,2019
116,House,ND,R,Armstrong,Kelly,NA,1976,0,1,1,2,14,2019
116,House,TX,R,Arrington,Jodey,Cook,1972,0,1,2,3,0,2019
116,House,IA,D,Axne,Cynthia,NA,1965,1,0,2,2,71,2019
116,House,TX,R,Babin,Brian,NA,1948,0,3,2,5,0,2019
116,House,NE,R,Bacon,Donald,J.,1963,0,2,2,4,0,2019
116,House,IN,R,Baird,James,NA,1945,0,1,2,3,0,2019
116,House,OH,R,Balderson,Troy,NA,1962,0,0,1,1,14,2019
116,House,IN,R,Banks,James,E.,1979,0,3,0,3,0,2019
116,House,KY,R,Barr,Garland,H.,1973,0,2,0,2,17,2019
116,House,CA,D,Barragan,Nanette,NA,1976,1,0,0,0,100,2019
116,House,CA,D,Bass,Karen,NA,1953,1,1,0,1,100,2019
116,House,OH,D,Beatty,Joyce,NA,1950,1,1,1,2,100,2019
116,House,CA,D,Bera,Ami,NA,1965,0,1,0,1,86,2019
116,House,MI,R,Bergman,John,NA,1947,0,2,1,3,14,2019
116,House,VA,D,Beyer,Donald,Sternoff,1950,0,3,1,4,86,2019
116,House,AZ,R,Biggs,Andrew,S.,1958,0,3,3,6,0,2019
116,House,FL,R,Bilirakis,Gus,NA,1963,0,0,4,4,14,2019
116,House,GA,D,Bishop,Sanford,Dixon,1947,0,1,0,1,86,2019
116,House,NC,R,Bishop,Dan,NA,1964,0,0,1,1,0,2019
116,House,UT,R,Bishop,Robert,NA,1951,0,1,4,5,14,2019
116,House,OR,D,Blumenauer,Earl,NA,1948,0,1,1,2,100,2019
116,House,DE,D,Blunt Rochester,Lisa,NA,1962,1,1,1,2,100,2019
116,House,OR,D,Bonamici,Suzanne,NA,1954,1,1,1,2,100,2019
116,House,IL,R,Bost,Mike,NA,1960,0,2,1,3,14,2019
116,House,PA,D,Boyle,Brendan,Francis,1977,0,1,0,1,100,2019
116,House,TX,R,Brady,Kevin,Patrick,1955,0,0,2,2,0,2019
116,House,NY,D,Brindisi,Anthony,NA,1978,0,1,1,2,57,2019
116,House,AL,R,Brooks,Mo,NA,1954,0,2,2,4,0,2019
116,House,IN,R,Brooks,Susan,NA,1960,1,1,1,2,29,2019
116,House,MD,D,Brown,Anthony,Gregory,1961,0,1,1,2,83,2019
116,House,CA,D,Brownley,Julia,NA,1952,1,1,1,2,100,2019
116,House,FL,R,Buchanan,Vernon,G.,1951,0,0,2,2,14,2019
116,House,CO,R,Buck,Kenneth,Robert,1959,0,1,1,2,0,2019
116,House,IN,R,Bucshon,Larry,NA,1962,0,2,2,4,17,2019
116,House,NC,R,Budd,Theodore,Paul,1971,0,2,1,3,0,2019
116,House,TN,R,Burchett,Timothy,NA,1964,0,0,0,0,0,2019
116,House,TX,R,Burgess,Michael,C.,1950,0,1,2,3,0,2019
116,House,IL,D,Bustos,Cheri,NA,1961,1,0,3,3,86,2019
116,House,NC,D,Butterfield,George,Kenneth,1947,0,3,0,3,86,2019
116,House,AL,R,Byrne,Bradley,NA,1955,0,2,2,4,0,2019
116,House,CA,R,Calvert,Ken,NA,1953,0,0,0,0,14,2019
116,House,CA,D,Carbajal,Salud,NA,1964,0,1,1,2,100,2019
116,House,IN,D,Carson,Andre,NA,1974,0,1,0,1,100,2019
116,House,TX,R,Carter,John,R.,1941,0,2,2,4,14,2019
116,House,GA,R,Carter,Buddy,NA,1957,0,0,3,3,0,2019
116,House,PA,D,Cartwright,Matt,NA,1961,0,0,2,2,100,2019
116,House,HI,D,Case,Ed,NA,1952,0,1,3,4,71,2019
116,House,IL,D,Casten,Sean,NA,1971,0,2,0,2,100,2019
116,House,FL,D,Castor,Kathy,NA,1966,1,2,0,2,100,2019
116,House,TX,D,Castro,Joaquin,NA,1974,0,1,1,2,86,2019
116,House,OH,R,Chabot,Steve,NA,1953,0,1,1,2,14,2019
116,House,WY,R,Cheney,Liz,NA,1966,1,3,2,5,0,2019
116,House,CA,D,Chu,Judy,NA,1953,1,0,0,0,100,2019
116,House,RI,D,Cicilline,David,N.,1961,0,0,0,0,100,2019
116,House,CA,D,Cisneros,Gil,NA,1972,0,0,2,2,100,2019
116,House,MA,D,Clark,Katherine,M.,1963,1,1,2,3,86,2019
116,House,NY,D,Clarke,Yvette,Diane,1964,1,0,0,0,100,2019
116,House,MO,D,Clay,William,Lacy,1956,0,1,1,2,100,2019
116,House,MO,D,Cleaver,Emanuel,NA,1944,0,1,3,4,86,2019
116,House,VA,R,Cline,Benjamin,NA,1972,0,2,0,2,14,2019
116,House,TX,R,Cloud,Michael,NA,1975,0,1,2,3,0,2019
116,House,SC,D,Clyburn,James,Enos,1940,0,3,0,3,83,2019
116,House,TN,D,Cohen,Stephen,NA,1949,0,0,0,0,100,2019
116,House,OK,R,Cole,Tom,NA,1949,0,0,1,1,14,2019
116,House,NY,R,Collins,Chris,NA,1950,0,1,1,2,0,2019
116,House,GA,R,Collins,Doug,NA,1966,0,1,2,3,14,2019
116,House,KY,R,Comer,James,NA,1972,0,2,1,3,14,2019
116,House,TX,R,Conaway,K.,Michael,1948,0,1,1,2,0,2019
116,House,VA,D,Connolly,Gerald,E.,1950,0,1,0,1,100,2019
116,House,CA,R,Cook,Paul,NA,1943,0,0,0,0,14,2019
116,House,TN,D,Cooper,James,Hayes Shofner,1954,0,1,2,3,100,2019
116,House,CA,D,Correa,Jose,Luis,1958,0,1,3,4,86,2019
116,House,CA,D,Costa,Jim,NA,1952,0,0,0,0,71,2019
116,House,CT,D,Courtney,Joe,NA,1953,0,1,1,2,100,2019
116,House,CA,D,Cox,TJ,NA,1963,0,2,2,4,100,2019
116,House,MN,D,Craig,Angela,NA,1972,1,0,1,1,86,2019
116,House,AR,R,Crawford,Rick,NA,1966,0,1,1,2,0,2019
116,House,TX,R,Crenshaw,Daniel,NA,1984,0,0,0,0,0,2019
116,House,FL,D,Crist,Charlie,Joseph,1956,0,0,0,0,86,2019
116,House,CO,D,Crow,Jason,NA,1979,0,1,1,2,100,2019
116,House,TX,D,Cuellar,Henry,NA,1955,0,2,0,2,71,2019
116,House,MD,D,Cummings,Elijah,Eugene,1951,0,2,1,3,80,2019
116,House,SC,D,Cunningham,Joe,NA,1982,0,0,1,1,57,2019
116,House,UT,R,Curtis,John,R.,1960,0,3,3,6,0,2019
116,House,CA,D,Cardenas,Tony,NA,1963,0,1,2,3,100,2019
116,House,KS,D,Davids,Sharice,NA,1980,1,0,0,0,71,2019
116,House,OH,R,Davidson,Warren,NA,1970,0,1,1,2,0,2019
116,House,CA,D,Davis,Susan,A.,1944,1,0,2,2,100,2019
116,House,IL,D,Davis,Danny,K.,1941,0,1,1,2,100,2019
116,House,IL,R,Davis,Rodney,NA,1970,0,1,2,3,29,2019
116,House,PA,D,Dean,Madeleine,NA,1959,1,0,3,3,100,2019
116,House,OR,D,Defazio,Peter,Anthony,1947,0,0,0,0,100,2019
116,House,CO,D,Degette,Diana,NA,1957,1,2,0,2,86,2019
116,House,CT,D,Delauro,Rosa,L.,1943,1,2,1,3,86,2019
116,House,WA,D,Delbene,Suzan,K.,1962,1,1,1,2,100,2019
116,House,NY,D,Delgado,Antonio,NA,1977,0,0,2,2,86,2019
116,House,FL,D,Demings,Valdez,NA,1957,1,0,3,3,86,2019
116,House,CA,D,Desaulnier,Mark,James,1952,0,0,2,2,100,2019
116,House,TN,R,Desjarlais,Scott,NA,1964,0,1,1,2,0,2019
116,House,FL,D,Deutch,Theodore,E.,1966,0,2,1,3,100,2019
116,House,FL,R,Diaz-Balart,Mario,NA,1961,0,0,0,0,43,2019
116,House,MI,D,Dingell,Debbie,NA,1953,1,2,2,4,100,2019
116,House,TX,D,Doggett,Lloyd,Alton,1946,0,2,0,2,100,2019
116,House,PA,D,Doyle,Michael,F.,1953,0,1,3,4,86,2019
116,House,WI,R,Duffy,Sean,NA,1971,0,5,3,8,0,2019
116,House,SC,R,Duncan,Jeff,NA,1966,0,0,3,3,0,2019
116,House,FL,R,Dunn,Neal,Patrick,1953,0,0,3,3,14,2019
116,House,MN,R,Emmer,Thomas,Earl,1961,0,1,6,7,0,2019
116,House,NY,D,Engel,Eliot,Lance,1947,0,1,2,3,100,2019
116,House,TX,D,Escobar,Veronica,NA,1969,1,1,1,2,100,2019
116,House,CA,D,Eshoo,Anna,Georges,1942,1,1,1,2,100,2019
116,House,NY,D,Espaillat,Adriano,J.,1954,0,1,1,2,100,2019
116,House,KS,R,Estes,Ron,NA,1956,0,2,1,3,0,2019
116,House,PA,D,Evans,Dwight,NA,1954,0,0,0,0,100,2019
116,House,GA,R,Ferguson,Anderson,Drew,1967,0,2,2,4,0,2019
116,House,IA,D,Finkenauer,Abby,NA,1988,1,0,0,0,86,2019
116,House,PA,R,Fitzpatrick,Brian,K.,1973,0,0,0,0,71,2019
116,House,TN,R,Fleischmann,Chuck,NA,1962,0,0,3,3,0,2019
116,House,TX,D,Fletcher,Elizabeth,Pannill,1975,1,0,0,0,71,2019
116,House,TX,R,Flores,Bill,NA,1954,0,0,2,2,0,2019
116,House,NE,R,Fortenberry,Jeff,NA,1960,0,5,0,5,17,2019
116,House,IL,D,Foster,Bill,NA,1955,0,1,1,2,86,2019
116,House,NC,R,Foxx,Virginia,Ann,1943,1,1,0,1,14,2019
116,House,FL,D,Frankel,Lois,NA,1948,1,0,1,1,100,2019
116,House,OH,D,Fudge,Marcia,L.,1952,1,0,0,0,86,2019
116,House,ID,R,Fulcher,Russell,NA,1973,0,1,0,1,0,2019
116,House,CA,R,GARCIA,Mike,NA,1976,0,0,2,2,0,2019
116,House,HI,D,Gabbard,Tulsi,NA,1981,1,0,0,0,75,2019
116,House,FL,R,Gaetz,Matthew,L.,1982,0,0,0,0,0,2019
116,House,WI,R,Gallagher,Michael,NA,1984,0,0,0,0,14,2019
116,House,AZ,D,Gallego,Ruben,NA,1979,0,0,0,0,100,2019
116,House,CA,D,Garamendi,John,NA,1945,0,5,1,6,86,2019
116,House,TX,D,Garcia,Sylvia,NA,1950,1,0,0,0,100,2019
116,House,IL,D,Garcia,Jesus,NA,1956,0,1,2,3,100,2019
116,House,MT,R,Gianforte,Greg,NA,1961,0,1,3,4,0,2019
116,House,OH,R,Gibbs,Bob,NA,1954,0,1,2,3,0,2019
116,House,TX,R,Gohmert,Louie,NA,1953,0,3,0,3,0,2019
116,House,ME,D,Golden,Jared,NA,1982,0,1,0,1,86,2019
116,House,CA,D,Gomez,Jimmy,NA,1974,0,0,0,0,86,2019
116,House,OH,R,Gonzalez,Anthony,NA,1984,0,1,1,2,14,2019
116,House,TX,D,Gonzalez,Vicente,NA,1967,0,0,0,0,86,2019
116,House,TX,R,Gooden,Lance,NA,1982,0,1,1,2,0,2019
116,House,AZ,R,Gosar,Paul,NA,1958,0,2,1,3,0,2019
116,House,NJ,D,Gottheimer,Josh,S.,1975,0,1,1,2,86,2019
116,House,TX,R,Granger,Kay,NA,1943,1,1,2,3,17,2019
116,House,LA,R,Graves,Garret,NA,1972,0,1,2,3,14,2019
116,House,MO,R,Graves,Samuel,NA,1963,0,2,1,3,0,2019
116,House,GA,R,Graves,Tom,NA,1970,0,2,1,3,14,2019
116,House,TX,D,Green,Al,NA,1947,0,0,0,0,86,2019
116,House,TN,R,Green,Mark,NA,1964,0,1,1,2,0,2019
116,House,VA,R,Griffith,H.,Morgan,1958,0,1,2,3,0,2019
116,House,AZ,D,Grijalva,Raul,M.,1948,0,3,0,3,100,2019
116,House,WI,R,Grothman,Glenn,NA,1955,0,0,0,0,0,2019
116,House,MS,R,Guest,Michael,NA,1970,0,0,2,2,14,2019
116,House,KY,R,Guthrie,Brett,NA,1964,0,2,1,3,14,2019
116,House,NM,D,Haaland,Debra,NA,1960,1,0,0,0,100,2019
116,House,MN,R,Hagedorn,Jim,NA,1962,0,0,0,0,0,2019
116,House,GA,D,Hall,Kwanza,NA,1971,0,0,2,2,50,2019
116,House,CA,D,Harder,Josh,NA,1986,0,0,0,0,100,2019
116,House,MD,R,Harris,Andy,NA,1957,0,3,2,5,0,2019
116,House,MO,R,Hartzler,Vicky,NA,1960,1,1,0,1,14,2019
116,House,FL,D,Hastings,Alcee,Lamar,1936,0,2,1,3,100,2019
116,House,CT,D,Hayes,Jahana,NA,1973,1,1,0,1,100,2019
116,House,WA,D,Heck,Denny,NA,1952,0,0,2,2,100,2019
116,House,OK,R,Hern,Kevin,NA,1961,0,1,2,3,0,2019
116,House,WA,R,Herrera Beutler,Jaime,NA,1978,1,2,1,3,14,2019
116,House,GA,R,Hice,Jody,Brownlow,1960,0,2,0,2,0,2019
116,House,NY,D,Higgins,Brian,NA,1959,0,1,1,2,86,2019
116,House,LA,R,Higgins,Clay,NA,1961,0,0,0,0,0,2019
116,House,AR,R,Hill,French,NA,1956,0,1,1,2,14,2019
116,House,CA,D,Hill,Katie,NA,1987,1,0,1,1,100,2019
116,House,CT,D,Himes,James,A.,1966,0,2,0,2,100,2019
116,House,NC,R,Holding,George,E.B.,1968,0,3,1,4,0,2019
116,House,IN,R,Hollingsworth,Joseph,Albert,1983,0,0,1,1,14,2019
116,House,OK,D,Horn,Kendra,NA,1976,1,NA,NA,NA,57,2019
116,House,NV,D,Horsford,Steven,NA,1973,0,1,2,3,86,2019
116,House,PA,D,Houlahan,Christina,NA,1967,1,3,0,3,86,2019
116,House,MD,D,Hoyer,Steny,Hamilton,1939,0,3,0,3,86,2019
116,House,NC,R,Hudson,Richard,NA,1971,0,0,1,1,14,2019
116,House,CA,D,Huffman,Jared,NA,1964,0,1,1,2,100,2019
116,House,MI,R,Huizenga,Bill,NA,1969,0,1,4,5,14,2019
116,House,CA,R,Hunter,Duncan,Duane,1976,0,2,1,3,0,2019
116,House,TX,R,Hurd,William,Ballard,1977,0,0,0,0,43,2019
116,House,TX,D,Jackson Lee,Sheila,NA,1950,1,1,1,2,100,2019
116,House,NY,R,Jacobs,Chris,NA,1966,0,1,0,1,0,2019
116,House,WA,D,Jayapal,Pramila,NA,1965,1,0,1,1,100,2019
116,House,NY,D,Jeffries,Hakeem,NA,1970,0,0,2,2,100,2019
116,House,TX,D,Johnson,Eddie,Bernice,1935,1,0,1,1,86,2019
116,House,OH,R,Johnson,Bill,NA,1954,0,2,2,4,0,2019
116,House,SD,R,Johnson,Dustin,NA,1976,0,0,3,3,14,2019
116,House,GA,D,Johnson,Hank,NA,1954,0,1,1,2,86,2019
116,House,LA,R,Johnson,Mike,NA,1972,0,2,2,4,17,2019
116,House,NC,R,Jones,Walter,Beaman,1943,0,1,0,1,0,2019
116,House,OH,R,Jordan,Jim,NA,1964,0,2,2,4,0,2019
116,House,OH,R,Joyce,David,NA,1957,0,2,1,3,14,2019
116,House,PA,R,Joyce,John,NA,1957,0,0,0,0,0,2019
116,House,OH,D,Kaptur,Marcia,Carolyn,1946,1,0,0,0,100,2019
116,House,NY,R,Katko,John,NA,1962,0,0,3,3,29,2019
116,House,MA,D,Keating,William,R.,1952,0,1,1,2,100,2019
116,House,PA,R,Keller,Fred,NA,1965,0,1,1,2,20,2019
116,House,IL,D,Kelly,Robin,L.,1956,1,1,1,2,100,2019
116,House,PA,R,Kelly,Mike,NA,1948,0,1,3,4,14,2019
116,House,MS,R,Kelly,Trent,NA,1966,0,1,2,3,14,2019
116,House,MA,D,Kennedy,Joseph,P.,1980,0,1,1,2,100,2019
116,House,CA,D,Khanna,Ro,NA,1976,0,1,1,2,100,2019
116,House,MI,D,Kildee,Dan,NA,1958,0,1,2,3,100,2019
116,House,WA,D,Kilmer,Derek,NA,1974,0,2,0,2,100,2019
116,House,NJ,D,Kim,Andy,NA,1982,0,0,2,2,86,2019
116,House,WI,D,Kind,Ron,NA,1963,0,0,2,2,86,2019
116,House,NY,R,King,Peter,T.,1944,0,1,1,2,14,2019
116,House,IA,R,King,Steve,NA,1949,0,0,3,3,0,2019
116,House,IL,R,Kinzinger,Adam,NA,1978,0,0,0,0,17,2019
116,House,AZ,D,Kirkpatrick,Ann,NA,1950,1,2,0,2,100,2019
116,House,IL,D,Krishnamoorthi,S.,Raja,1973,0,1,2,3,100,2019
116,House,NH,D,Kuster,Ann,McLane,1956,1,0,2,2,100,2019
116,House,TN,R,Kustoff,David,NA,1966,0,1,1,2,14,2019
116,House,IL,R,Lahood,Darin,NA,1968,0,0,3,3,0,2019
116,House,CA,R,Lamalfa,Doug,NA,1960,0,3,1,4,0,2019
116,House,PA,D,Lamb,Conor,NA,1984,0,1,1,2,86,2019
116,House,CO,R,Lamborn,Doug,NA,1954,0,1,4,5,0,2019
116,House,RI,D,Langevin,James,NA,1964,0,0,0,0,100,2019
116,House,WA,D,Larsen,Richard,Ray,1965,0,0,2,2,100,2019
116,House,CT,D,Larson,John,B.,1948,0,2,1,3,100,2019
116,House,OH,R,Latta,Robert,E.,1956,0,2,0,2,14,2019
116,House,MI,D,Lawrence,Brenda,L.,1954,1,1,1,2,100,2019
116,House,FL,D,Lawson,Alfred,NA,1948,0,1,1,2,100,2019
116,House,CA,D,Lee,Barbara,NA,1946,1,0,2,2,100,2019
116,House,NV,D,Lee,Susie,NA,1966,1,1,1,2,71,2019
116,House,AZ,R,Lesko,Debbie,NA,1958,1,2,1,3,0,2019
116,House,MI,D,Levin,Andy,NA,1960,0,1,3,4,100,2019
116,House,CA,D,Levin,Mike,NA,1978,0,1,1,2,100,2019
116,House,GA,D,Lewis,John,R.,1940,0,0,1,1,100,2019
116,House,CA,D,Lieu,Ted,NA,1969,0,0,2,2,100,2019
116,House,IL,D,Lipinski,Daniel,NA,1966,0,NA,NA,NA,86,2019
116,House,IA,D,Loebsack,Dave,NA,1952,0,2,0,2,71,2019
116,House,CA,D,Lofgren,Zoe,NA,1947,1,1,1,2,100,2019
116,House,MO,R,Long,Billy,NA,1955,0,2,0,2,0,2019
116,House,GA,R,Loudermilk,Barry,D.,1963,0,1,2,3,0,2019
116,House,CA,D,Lowenthal,Alan,NA,1941,0,0,2,2,100,2019
116,House,NY,D,Lowey,Nita,M.,1937,1,2,1,3,86,2019
116,House,OK,R,Lucas,Frank,D.,1960,0,2,1,3,14,2019
116,House,MO,R,Luetkemeyer,Blaine,NA,1952,0,2,1,3,14,2019
116,House,NM,D,Lujan,Ben,Ray,1972,0,NA,NA,NA,100,2019
116,House,VA,D,Luria,Elaine,NA,1975,1,1,0,1,100,2019
116,House,MA,D,Lynch,Stephen,F.,1955,0,1,0,1,100,2019
116,House,NJ,D,Malinowski,Tom,NA,1965,0,1,0,1,86,2019
116,House,NY,D,Maloney,Carolyn,Bosher,1946,1,2,0,2,100,2019
116,House,NY,D,Maloney,Sean,Patrick,1966,0,1,2,3,100,2019
116,House,TX,R,Marchant,Kenny,NA,1951,0,1,3,4,0,2019
116,House,PA,R,Marino,Thomas,A.,1952,0,1,1,2,0,2019
116,House,KS,R,Marshall,Roger,Wayne,1960,0,1,3,4,0,2019
116,House,KY,R,Massie,Thomas,NA,1971,0,2,2,4,0,2019
116,House,FL,R,Mast,Brian,Jeffery,1980,0,1,2,3,0,2019
116,House,CA,D,Matsui,Doris,NA,1944,1,0,1,1,100,2019
116,House,CA,R,McCarthy,Kevin,NA,1965,0,1,1,2,14,2019
116,House,TX,R,McCaul,Michael,T.,1962,0,4,1,5,14,2019
116,House,CA,R,McClintock,Tom,NA,1956,0,1,1,2,0,2019
116,House,MN,D,McCollum,Betty,NA,1954,1,1,1,2,100,2019
116,House,MA,D,McGovern,James,P.,1959,0,1,1,2,100,2019
116,House,NC,R,McHenry,Patrick,T.,1975,0,2,0,2,17,2019
116,House,WV,R,McKinley,David,NA,1947,0,2,2,4,14,2019
116,House,WA,R,McMorris Rodgers,Cathy,NA,1969,1,2,1,3,14,2019
116,House,CA,D,McNerney,Jerry,NA,1951,0,1,2,3,86,2019
116,House,UT,D,Mcadams,Ben,NA,1974,0,2,2,4,57,2019
116,House,GA,D,Mcbath,Lucy,NA,1960,1,0,1,1,100,2019
116,House,VA,D,Mceachin,Aston,Donald,1961,0,2,1,3,100,2019
116,House,NC,R,Meadows,Mark,NA,1959,0,1,1,2,0,2019
116,House,NY,D,Meeks,Gregory,W.,1953,0,3,0,3,100,2019
116,House,NY,D,Meng,Grace,NA,1975,1,0,2,2,100,2019
116,House,PA,R,Meuser,Dan,NA,1964,0,2,1,3,0,2019
116,House,MD,D,Mfume,Kweisi,NA,1948,0,1,5,6,0,2019
116,House,WV,R,Miller,Carol,NA,1950,1,0,2,2,0,2019
116,House,MI,R,Mitchell,Paul,NA,1961,0,3,3,6,14,2019
116,House,MI,R,Moolenaar,John,NA,1961,0,3,3,6,14,2019
116,House,WV,R,Mooney,Alex,X.,1971,0,1,1,2,0,2019
116,House,WI,D,Moore,Gwendolynne,S.,1951,1,1,2,3,100,2019
116,House,NY,D,Morelle,Joseph,NA,1957,0,1,2,3,86,2019
116,House,MA,D,Moulton,Seth,NA,1978,0,2,0,2,100,2019
116,House,FL,D,Mucarsel-Powell,Debbie,NA,1971,1,2,1,3,100,2019
116,House,OK,R,Mullin,Markwayne,NA,1977,0,3,2,5,0,2019
116,House,NC,R,Murphy,Gregory,Francis,1963,0,1,2,3,25,2019
116,House,FL,D,Murphy,Stephanie,NA,1978,1,1,1,2,86,2019
116,House,NY,D,Nadler,Jerrold,Lewis,1947,0,0,1,1,100,2019
116,House,CA,D,Napolitano,Grace,Flores,1936,1,2,3,5,100,2019
116,House,MA,D,Neal,Richard,Edmund,1949,0,1,3,4,100,2019
116,House,CO,D,Neguse,Joseph,NA,1984,0,1,0,1,100,2019
116,House,WA,R,Newhouse,Daniel,Milton,1955,0,2,0,2,0,2019
116,House,NJ,D,Norcross,Donald,NA,1958,0,1,2,3,100,2019
116,House,SC,R,Norman,Ralph,NA,1953,0,3,1,4,0,2019
116,House,CA,R,Nunes,Devin,NA,1973,0,3,0,3,0,2019
116,House,AZ,D,O'halleran,Thomas,C.,1946,0,1,2,3,71,2019
116,House,NY,D,Ocasio-Cortez,Alexandria,NA,1989,1,0,0,0,100,2019
116,House,TX,R,Olson,Pete,NA,1962,0,1,1,2,0,2019
116,House,MN,D,Omar,Ilhan,NA,1981,1,2,1,3,100,2019
116,House,MS,R,Palazzo,Steven,NA,1970,0,1,2,3,0,2019
116,House,NJ,D,Pallone,Frank,NA,1951,0,2,1,3,86,2019
116,House,AL,R,Palmer,Gary,James,1954,0,2,1,3,0,2019
116,House,CA,D,Panetta,James,Varni,1969,0,1,1,2,86,2019
116,House,NH,D,Pappas,Chris,NA,1980,0,0,0,0,86,2019
116,House,NJ,D,Pascrell,William,J.,1937,0,0,3,3,86,2019
116,House,NJ,D,Payne,Donald,NA,1958,0,1,2,3,100,2019
116,House,CA,D,Pelosi,Nancy,NA,1940,1,4,1,5,67,2019
116,House,IN,R,Pence,Gregory,NA,1956,0,2,2,4,14,2019
116,House,CO,D,Perlmutter,Ed,NA,1953,0,3,0,3,100,2019
116,House,PA,R,Perry,Scott,NA,1962,0,2,0,2,14,2019
116,House,CA,D,Peters,Scott,NA,1958,0,1,1,2,86,2019
116,House,MN,D,Peterson,Collin,Clark,1944,0,0,3,3,67,2019
116,House,MN,D,Phillips,Dean,NA,1969,0,2,0,2,86,2019
116,House,ME,D,Pingree,Chellie,NA,1955,1,2,1,3,100,2019
116,House,WI,D,Pocan,Mark,NA,1964,0,0,0,0,100,2019
116,House,CA,D,Porter,Katie,NA,1974,1,1,2,3,100,2019
116,House,FL,R,Posey,Bill,NA,1947,0,2,0,2,0,2019
116,House,MA,D,Pressley,Ayanna,NA,1974,1,0,0,0,100,2019
116,House,NC,D,Price,David,Eugene,1940,0,1,1,2,86,2019
116,House,IL,D,Quigley,Mike,NA,1958,0,2,0,2,100,2019
116,House,MD,D,Raskin,Jamie,Ben,1962,0,2,1,3,100,2019
116,House,TX,R,Ratcliffe,John,NA,1965,0,2,0,2,0,2019
116,House,NY,R,Reed,Thomas,W.,1971,0,1,1,2,43,2019
116,House,PA,R,Reschenthaler,Guy,NA,1983,0,0,0,0,14,2019
116,House,NY,D,Rice,Kathleen,Maura,1965,1,0,0,0,100,2019
116,House,SC,R,Rice,Tom,NA,1957,0,0,3,3,0,2019
116,House,LA,D,Richmond,Cedric,NA,1973,0,0,1,1,100,2019
116,House,VA,R,Riggleman,Denver,NA,1970,0,3,0,3,0,2019
116,House,AL,R,Roby,Martha,NA,1976,1,1,1,2,14,2019
116,House,TN,R,Roe,David,P.,1945,0,1,2,3,14,2019
116,House,KY,R,Rogers,Harold,Dallas,1937,0,1,2,3,14,2019
116,House,AL,R,Rogers,Michael,Dennis,1958,0,1,2,3,14,2019
116,House,FL,R,Rooney,Francis,NA,1953,0,1,2,3,17,2019
116,House,TN,R,Rose,John,NA,1965,0,0,1,1,0,2019
116,House,NY,D,Rose,Max,NA,1986,0,0,1,1,83,2019
116,House,CA,D,Rouda,Harley,NA,1961,0,2,2,4,100,2019
116,House,NC,R,Rouzer,David,NA,1972,0,0,3,3,0,2019
116,House,TX,R,Roy,Charles,NA,1972,0,1,1,2,0,2019
116,House,CA,D,Roybal-Allard,Lucille,NA,1941,1,1,1,2,100,2019
116,House,CA,D,Ruiz,Raul,NA,1972,0,2,0,2,86,2019
116,House,MD,D,Ruppersberger,C. A.,Dutch,1946,0,1,1,2,86,2019
116,House,IL,D,Rush,Bobby,L.,1946,0,1,4,5,100,2019
116,House,FL,R,Rutherford,John,Henry,1952,0,1,1,2,0,2019
116,House,OH,D,Ryan,Timothy,J.,1973,0,0,1,1,100,2019
116,House,MD,D,Sarbanes,John,NA,1962,0,1,2,3,100,2019
116,House,LA,R,Scalise,Steve,NA,1965,0,1,1,2,14,2019
116,House,PA,D,Scanlon,Mary,Gay,1959,1,1,2,3,100,2019
116,House,IL,D,Schakowsky,Janice,D.,1944,0,1,1,2,100,2019
116,House,CA,D,Schiff,Adam,NA,1960,0,1,1,2,86,2019
116,House,IL,D,Schneider,Brad,NA,1961,0,0,2,2,86,2019
116,House,OR,D,Schrader,Kurt,NA,1951,0,2,3,5,57,2019
116,House,WA,D,Schrier,Kim,NA,1968,1,0,1,1,86,2019
116,House,AZ,R,Schweikert,David,NA,1962,0,1,0,1,0,2019
116,House,VA,D,Scott,Robert,C.,1947,0,0,0,0,86,2019
116,House,GA,R,Scott,Austin,NA,1969,0,1,2,3,14,2019
116,House,GA,D,Scott,David,NA,1945,0,2,0,2,100,2019
116,House,WI,R,Sensenbrenner,Frank,James,1943,0,0,2,2,0,2019
116,House,NY,D,Serrano,Jose,E.,1943,0,2,3,5,100,2019
116,House,AL,D,Sewell,Terri,NA,1965,1,0,0,0,86,2019
116,House,FL,D,Shalala,Donna,NA,1941,1,0,0,0,100,2019
116,House,CA,D,Sherman,Brad,NA,1954,0,3,0,3,86,2019
116,House,NJ,D,Sherrill,Mikie,NA,1972,1,2,2,4,86,2019
116,House,IL,R,Shimkus,John,M.,1958,0,0,3,3,0,2019
116,House,ID,R,Simpson,Michael,K.,1950,0,0,0,0,17,2019
116,House,NJ,D,Sires,Albio,NA,1951,0,1,0,1,100,2019
116,House,MI,D,Slotkin,Elissa,NA,1976,1,0,0,0,100,2019
116,House,NJ,R,Smith,Christopher,Henry,1953,0,2,2,4,57,2019
116,House,WA,D,Smith,Adam,NA,1965,0,1,1,2,100,2019
116,House,NE,R,Smith,Adrian,NA,1970,0,1,0,1,0,2019
116,House,MO,R,Smith,Jason,NA,1980,0,0,0,0,0,2019
116,House,PA,R,Smucker,Lloyd,K.,1964,0,2,1,3,17,2019
116,House,FL,D,Soto,Darren,Michael,1978,0,0,0,0,100,2019
116,House,VA,D,Spanberger,Abigail,NA,1979,1,3,0,3,100,2019
116,House,FL,R,Spano,Ross,NA,1966,0,3,1,4,14,2019
116,House,CA,D,Speier,Karen,Lorraine Jacqueline,1950,1,1,1,2,100,2019
116,House,AZ,D,Stanton,Greg,NA,1970,0,1,1,2,86,2019
116,House,MN,R,Stauber,Peter,NA,1966,0,1,3,4,14,2019
116,House,NY,R,Stefanik,Elise,M.,1984,1,0,0,0,29,2019
116,House,WI,R,Steil,Bryan,NA,1981,0,0,0,0,14,2019
116,House,FL,R,Steube,William,NA,1978,0,0,1,1,0,2019
116,House,MI,D,Stevens,Haley,NA,1983,1,0,0,0,86,2019
116,House,UT,R,Stewart,Chris,NA,1960,0,2,4,6,0,2019
116,House,OH,R,Stivers,Steve,NA,1965,0,1,1,2,14,2019
116,House,NY,D,Suozzi,Thomas,NA,1962,0,1,2,3,100,2019
116,House,CA,D,Swalwell,Eric,NA,1980,0,1,1,2,83,2019
116,House,CA,D,Sanchez,Linda,T.,1969,1,0,1,1,100,2019
116,House,WI,R,TIFFANY,Thomas,P.,1957,0,3,0,3,0,2019
116,House,CA,D,Takano,Mark,NA,1960,0,0,0,0,100,2019
116,House,TX,R,Taylor,Nicholas,NA,1972,0,3,0,3,0,2019
116,House,MS,D,Thompson,Bennie,NA,1948,0,1,0,1,100,2019
116,House,PA,R,Thompson,Glenn,NA,1959,0,0,3,3,14,2019
116,House,CA,D,Thompson,Michael,NA,1951,0,0,2,2,86,2019
116,House,TX,R,Thornberry,William,McClellan,1958,0,1,1,2,0,2019
116,House,SC,R,Timmons,William,NA,1984,0,0,0,0,0,2019
116,House,CO,R,Tipton,Scott,NA,1956,0,2,0,2,0,2019
116,House,NV,D,Titus,Alice,NA,1950,1,0,0,0,100,2019
116,House,MI,D,Tlaib,Rashida,NA,1976,1,0,2,2,100,2019
116,House,NY,D,Tonko,Paul,NA,1949,0,0,0,0,100,2019
116,House,CA,D,Torres,Norma,Judith,1965,1,0,3,3,86,2019
116,House,NM,D,Torres Small,Xochitl,NA,1984,1,0,0,0,57,2019
116,House,MA,D,Trahan,Lori,NA,1973,1,2,3,5,100,2019
116,House,MD,D,Trone,David,NA,1955,0,3,1,4,100,2019
116,House,OH,R,Turner,Michael,R.,1960,0,2,0,2,17,2019
116,House,IL,D,Underwood,Lauren,NA,1986,1,0,0,0,86,2019
116,House,MI,R,Upton,Frederick,Stephen,1953,0,1,1,2,14,2019
116,House,NJ,D,Van Drew,Jefferson,NA,1953,0,1,1,2,71,2019
116,House,CA,D,Vargas,Juan,NA,1961,0,2,0,2,100,2019
116,House,TX,D,Veasey,Marc,NA,1971,0,0,1,1,86,2019
116,House,TX,D,Vela,Filemon,NA,1963,0,0,0,0,100,2019
116,House,NY,D,Velazquez,Nydia,M.,1953,1,0,0,0,100,2019
116,House,IN,D,Visclosky,Peter,NA,1949,0,0,2,2,86,2019
116,House,MO,R,Wagner,Ann,NA,1962,1,1,2,3,14,2019
116,House,MI,R,Walberg,Tim,NA,1951,0,1,2,3,14,2019
116,House,OR,R,Walden,Greg,NA,1957,0,0,1,1,29,2019
116,House,NC,R,Walker,Bradley,Mark,1969,0,2,1,3,17,2019
116,House,IN,R,Walorski,Jackie,NA,1963,1,0,0,0,0,2019
116,House,FL,R,Waltz,Michael,NA,1974,0,1,0,1,14,2019
116,House,FL,D,Wasserman Schultz,Debbie,NA,1966,1,2,1,3,100,2019
116,House,CA,D,Waters,Maxine,NA,1938,1,1,1,2,100,2019
116,House,KS,R,Watkins,Steve,NA,1976,0,NA,NA,NA,0,2019
116,House,NJ,D,Watson Coleman,Bonnie,NA,1945,1,0,1,1,100,2019
116,House,TX,R,Weber,Randy,NA,1953,0,1,2,3,0,2019
116,House,FL,R,Webster,Daniel,A.,1949,0,2,4,6,0,2019
116,House,VT,D,Welch,Peter,NA,1947,0,0,0,0,100,2019
116,House,OH,R,Wenstrup,Brad,NA,1958,0,1,1,2,0,2019
116,House,AR,R,Westerman,Bruce,Eugene,1967,0,2,2,4,17,2019
116,House,VA,D,Wexton,Jennifer,NA,1968,1,0,2,2,100,2019
116,House,PA,D,Wild,Susan,NA,1957,1,1,1,2,86,2019
116,House,TX,R,Williams,Roger,NA,1949,0,2,0,2,0,2019
116,House,SC,R,Wilson,Addison,Graves,1947,0,0,4,4,20,2019
116,House,FL,D,Wilson,Frederica,NA,1942,1,2,1,3,100,2019
116,House,VA,R,Wittman,Robert,J.,1959,0,1,1,2,14,2019
116,House,AR,R,Womack,Steve,NA,1957,0,0,1,1,14,2019
116,House,GA,R,Woodall,Rob,NA,1970,0,NA,NA,NA,0,2019
116,House,TX,R,Wright,Ron,NA,1953,0,1,2,3,0,2019
116,House,KY,D,Yarmuth,John,NA,1947,0,0,1,1,100,2019
116,House,FL,R,Yoho,Ted,NA,1955,0,2,1,3,0,2019
116,House,AK,R,Young,Donald,Edwin,1933,0,2,0,2,17,2019
116,House,NY,R,Zeldin,Lee,M,1980,0,2,0,2,14,2019
